This is LuaHBTeX, Version 1.22.0 (TeX Live 2025)  (format=lualatex 2025.6.4)  6 APR 2026 05:08
 restricted system commands enabled.
**index.tex
(./index.tex
LaTeX2e <2025-06-01>
L3 programming layer <2025-05-26>
Lua module: luaotfload 2024-12-03 v3.29 Lua based OpenType font support
Lua module: lualibs 2023-07-13 v2.76 ConTeXt Lua standard libraries.
Lua module: lualibs-extended 2023-07-13 v2.76 ConTeXt Lua libraries -- extended 
collection.
luaotfload | conf : Root cache directory is "/home/oren/.texlive2025/texmf-var/l
uatex-cache/generic/names".
luaotfload | init : Loading fontloader "fontloader-2023-12-28.lua" from kpse-res
olved path "/usr/local/texlive/2025/texmf-dist/tex/luatex/luaotfload/fontloader-
2023-12-28.lua".
Lua-only attribute luaotfload@noligature = 1
luaotfload | init : Context OpenType loader version 3.134
Inserting `luaotfload.node_processor' in `pre_linebreak_filter'.
Inserting `luaotfload.node_processor' in `hpack_filter'.
Inserting `luaotfload.glyph_stream' in `glyph_stream_provider'.
Inserting `luaotfload.define_font' in `define_font'.
Lua-only attribute luaotfload_color_attribute = 2
luaotfload | conf : Root cache directory is "/home/oren/.texlive2025/texmf-var/l
uatex-cache/generic/names".
Inserting `luaotfload.harf.strip_prefix' in `find_opentype_file'.
Inserting `luaotfload.harf.strip_prefix' in `find_truetype_file'.
Removing  `luaotfload.glyph_stream' from `glyph_stream_provider'.
Inserting `luaotfload.harf.glyphstream' in `glyph_stream_provider'.
Inserting `luaotfload.harf.finalize_vlist' in `post_linebreak_filter'.
Inserting `luaotfload.harf.finalize_hlist' in `hpack_filter'.
Inserting `luaotfload.cleanup_files' in `wrapup_run'.
Inserting `luaotfload.harf.finalize_unicode' in `finish_pdffile'.
Inserting `luaotfload.glyphinfo' in `glyph_info'.
Lua-only attribute luaotfload.letterspace_done = 3
Inserting `luaotfload.aux.set_sscale_dimens' in `luaotfload.patch_font'.
Inserting `luaotfload.aux.set_font_index' in `luaotfload.patch_font'.
Inserting `luaotfload.aux.patch_cambria_domh' in `luaotfload.patch_font'.
Inserting `luaotfload.aux.fixup_fontdata' in `luaotfload.patch_font_unsafe'.
Inserting `luaotfload.aux.set_capheight' in `luaotfload.patch_font'.
Inserting `luaotfload.aux.set_xheight' in `luaotfload.patch_font'.
Inserting `luaotfload.rewrite_fontname' in `luaotfload.patch_font'.
Inserting `tracingstacklevels' in `input_level_string'. (/usr/local/texlive/202
5/texmf-dist/tex/latex/koma-script/scrreprt.cls
Document Class: scrreprt 2025/06/02 v3.44 KOMA-Script document class (report)
(/usr/local/texlive/2025/texmf-dist/tex/latex/koma-script/scrkbase.sty
Package: scrkbase 2025/06/02 v3.44 KOMA-Script package (KOMA-Script-dependent b
asics and keyval usage)
(/usr/local/texlive/2025/texmf-dist/tex/latex/koma-script/scrbase.sty
Package: scrbase 2025/06/02 v3.44 KOMA-Script package (KOMA-Script-independent 
basics and keyval usage)
(/usr/local/texlive/2025/texmf-dist/tex/latex/koma-script/scrlfile.sty
Package: scrlfile 2025/06/02 v3.44 KOMA-Script package (file load hooks)
(/usr/local/texlive/2025/texmf-dist/tex/latex/koma-script/scrlfile-hook.sty
Package: scrlfile-hook 2025/06/02 v3.44 KOMA-Script package (using LaTeX hooks)

(/usr/local/texlive/2025/texmf-dist/tex/latex/koma-script/scrlogo.sty
Package: scrlogo 2025/06/02 v3.44 KOMA-Script package (logo)
))) (/usr/local/texlive/2025/texmf-dist/tex/latex/graphics/keyval.sty
Package: keyval 2022/05/29 v1.15 key=value parser (DPC)
\KV@toks@=\toks17
)
Applying: [2021/05/01] Usage of raw or classic option list on input line 254.
Already applied: [0000/00/00] Usage of raw or classic option list on input line
 370.
)) (/usr/local/texlive/2025/texmf-dist/tex/latex/koma-script/tocbasic.sty
Package: tocbasic 2025/06/02 v3.44 KOMA-Script package (handling toc-files)
\scr@dte@tocline@numberwidth=\skip49
\scr@dte@tocline@numbox=\box53
)
Package tocbasic Info: omitting babel extension for `toc'
(tocbasic)             because of feature `nobabel' available
(tocbasic)             for `toc' on input line 137.
Class scrreprt Info: You've used standard option `oneside'.
(scrreprt)           This is correct!
(scrreprt)           Internally I'm using `twoside=false'.
(scrreprt)           If you'd like to set the option with \KOMAoptions,
(scrreprt)           you'd have to use `twoside=false' there
(scrreprt)           instead of `oneside', too.
Class scrreprt Info: File `scrsize11pt.clo' used instead of
(scrreprt)           file `scrsize11.clo' to setup font sizes on input line 269
6.
(/usr/local/texlive/2025/texmf-dist/tex/latex/koma-script/scrsize11pt.clo
File: scrsize11pt.clo 2025/06/02 v3.44 KOMA-Script font size class option (11pt
)
luaotfload | db : Font names database loaded from /home/oren/.texlive2025/texmf-
var/luatex-cache/generic/names/luaotfload-names.luc.gz) (/usr/local/texlive/202
5/texmf-dist/tex/latex/koma-script/typearea.sty
Package: typearea 2025/06/02 v3.44 KOMA-Script package (type area)
\ta@bcor=\skip50
\ta@div=\count273
Package typearea Info: You've used standard option `a4paper'.
(typearea)             This is correct!
(typearea)             Internally I'm using `paper=a4'.
(typearea)             If you'd like to set the option with \KOMAoptions,
(typearea)             you'd have to use `paper=a4' there
(typearea)             instead of `a4paper', too.
Package typearea Info: You've used standard option `oneside'.
(typearea)             This is correct!
(typearea)             Internally I'm using `twoside=false'.
(typearea)             If you'd like to set the option with \KOMAoptions,
(typearea)             you'd have to use `twoside=false' there
(typearea)             instead of `oneside', too.
\ta@hblk=\skip51
\ta@vblk=\skip52
\ta@temp=\skip53
\footheight=\skip54
Package typearea Info: These are the values describing the layout:
(typearea)             DIV  = 11
(typearea)             BCOR = 0.0pt
(typearea)             \paperwidth      = 597.50793pt
(typearea)              \textwidth      = 434.55125pt
(typearea)              DIV departure   = -10%
(typearea)              \evensidemargin = 9.20834pt
(typearea)              \oddsidemargin  = 9.20834pt
(typearea)             \paperheight     = 845.04694pt
(typearea)              \textheight     = 623.00027pt
(typearea)              \topmargin      = -32.84755pt
(typearea)              \headheight     = 17.0pt
(typearea)              \headsep        = 20.40001pt
(typearea)              \topskip        = 11.0pt
(typearea)              \footskip       = 47.6pt
(typearea)              \baselineskip   = 13.6pt
(typearea)              on input line 1803.
)
\c@part=\count274
\c@chapter=\count275
\c@section=\count276
\c@subsection=\count277
\c@subsubsection=\count278
\c@paragraph=\count279
\c@subparagraph=\count280
\scr@dte@chapter@maxnumwidth=\skip55
Class scrreprt Info: using compatibility default `afterindent=bysign'
(scrreprt)           for `\chapter on input line 6032.
\scr@dte@section@maxnumwidth=\skip56
Class scrreprt Info: using compatibility default `runin=bysign'
(scrreprt)           for `\section on input line 6043.
Class scrreprt Info: using compatibility default `afterindent=bysign'
(scrreprt)           for `\section on input line 6043.
\scr@dte@part@maxnumwidth=\skip57
Class scrreprt Info: using compatibility default `afterindent=true'
(scrreprt)           for `\part on input line 6052.
\scr@dte@subsection@maxnumwidth=\skip58
Class scrreprt Info: using compatibility default `runin=bysign'
(scrreprt)           for `\subsection on input line 6062.
Class scrreprt Info: using compatibility default `afterindent=bysign'
(scrreprt)           for `\subsection on input line 6062.
\scr@dte@subsubsection@maxnumwidth=\skip59
Class scrreprt Info: using compatibility default `runin=bysign'
(scrreprt)           for `\subsubsection on input line 6072.
Class scrreprt Info: using compatibility default `afterindent=bysign'
(scrreprt)           for `\subsubsection on input line 6072.
\scr@dte@paragraph@maxnumwidth=\skip60
Class scrreprt Info: using compatibility default `runin=bysign'
(scrreprt)           for `\paragraph on input line 6083.
Class scrreprt Info: using compatibility default `afterindent=bysign'
(scrreprt)           for `\paragraph on input line 6083.
\scr@dte@subparagraph@maxnumwidth=\skip61
Class scrreprt Info: using compatibility default `runin=bysign'
(scrreprt)           for `\subparagraph on input line 6093.
Class scrreprt Info: using compatibility default `afterindent=bysign'
(scrreprt)           for `\subparagraph on input line 6093.
\abovecaptionskip=\skip62
\belowcaptionskip=\skip63
\c@pti@nb@sid@b@x=\box54
Package tocbasic Info: omitting babel extension for `lof'
(tocbasic)             because of feature `nobabel' available
(tocbasic)             for `lof' on input line 7296.
\scr@dte@figure@maxnumwidth=\skip64
\c@figure=\count281
Package tocbasic Info: omitting babel extension for `lot'
(tocbasic)             because of feature `nobabel' available
(tocbasic)             for `lot' on input line 7313.
\scr@dte@table@maxnumwidth=\skip65
\c@table=\count282
Class scrreprt Info: Redefining `\numberline' on input line 7484.
\bibindent=\dimen147
) (/usr/local/texlive/2025/texmf-dist/tex/latex/xcolor/xcolor.sty
Package: xcolor 2024/09/29 v3.02 LaTeX color extensions (UK)
(/usr/local/texlive/2025/texmf-dist/tex/latex/graphics-cfg/color.cfg
File: color.cfg 2016/01/02 v1.6 sample color configuration
)
Package xcolor Info: Driver file: luatex.def on input line 274.
(/usr/local/texlive/2025/texmf-dist/tex/latex/graphics-def/luatex.def
File: luatex.def 2024/04/13 v1.2e Graphics/color driver for luatex
) (/usr/local/texlive/2025/texmf-dist/tex/latex/graphics/mathcolor.ltx)
Package xcolor Info: Model `cmy' substituted by `cmy0' on input line 1349.
Package xcolor Info: Model `hsb' substituted by `rgb' on input line 1353.
Package xcolor Info: Model `RGB' extended on input line 1365.
Package xcolor Info: Model `HTML' substituted by `rgb' on input line 1367.
Package xcolor Info: Model `Hsb' substituted by `hsb' on input line 1368.
Package xcolor Info: Model `tHsb' substituted by `hsb' on input line 1369.
Package xcolor Info: Model `HSB' substituted by `hsb' on input line 1370.
Package xcolor Info: Model `Gray' substituted by `gray' on input line 1371.
Package xcolor Info: Model `wave' substituted by `hsb' on input line 1372.
) (/usr/local/texlive/2025/texmf-dist/tex/latex/graphics/dvipsnam.def
File: dvipsnam.def 2016/06/17 v3.0m Driver-dependent file (DPC,SPQR)
) (/usr/local/texlive/2025/texmf-dist/tex/latex/xcolor/svgnam.def
File: svgnam.def 2024/09/29 v3.02 Predefined colors according to SVG 1.1 (UK)
) (/usr/local/texlive/2025/texmf-dist/tex/latex/xcolor/x11nam.def
File: x11nam.def 2024/09/29 v3.02 Predefined colors according to Unix/X11 (UK)
) (/usr/local/texlive/2025/texmf-dist/tex/latex/geometry/geometry.sty
Package: geometry 2020/01/02 v5.9 Page Geometry
(/usr/local/texlive/2025/texmf-dist/tex/generic/iftex/ifvtex.sty
Package: ifvtex 2019/10/25 v1.7 ifvtex legacy package. Use iftex instead.
(/usr/local/texlive/2025/texmf-dist/tex/generic/iftex/iftex.sty
Package: iftex 2024/12/12 v1.0g TeX engine tests
))
\Gm@cnth=\count283
\Gm@cntv=\count284
\c@Gm@tempcnt=\count285
\Gm@bindingoffset=\dimen148
\Gm@wd@mp=\dimen149
\Gm@odd@mp=\dimen150
\Gm@even@mp=\dimen151
\Gm@layoutwidth=\dimen152
\Gm@layoutheight=\dimen153
\Gm@layouthoffset=\dimen154
\Gm@layoutvoffset=\dimen155
\Gm@dimlist=\toks18
) (/usr/local/texlive/2025/texmf-dist/tex/latex/amsmath/amsmath.sty
Package: amsmath 2025/05/18 v2.17x AMS math features
\@mathmargin=\skip66
For additional information on amsmath, use the `?' option.
(/usr/local/texlive/2025/texmf-dist/tex/latex/amsmath/amstext.sty
Package: amstext 2024/11/17 v2.01 AMS text
(/usr/local/texlive/2025/texmf-dist/tex/latex/amsmath/amsgen.sty
File: amsgen.sty 1999/11/30 v2.0 generic functions
\@emptytoks=\toks19
\ex@=\dimen156
)) (/usr/local/texlive/2025/texmf-dist/tex/latex/amsmath/amsbsy.sty
Package: amsbsy 1999/11/29 v1.2d Bold Symbols
\pmbraise@=\dimen157
) (/usr/local/texlive/2025/texmf-dist/tex/latex/amsmath/amsopn.sty
Package: amsopn 2022/04/08 v2.04 operator names
)
\inf@bad=\count286
LaTeX Info: Redefining \frac on input line 235.
\uproot@=\count287
\leftroot@=\count288
LaTeX Info: Redefining \overline on input line 398.
LaTeX Info: Redefining \colon on input line 409.
\classnum@=\count289
\DOTSCASE@=\count290
LaTeX Info: Redefining \ldots on input line 495.
LaTeX Info: Redefining \dots on input line 498.
LaTeX Info: Redefining \cdots on input line 619.
\Mathstrutbox@=\box55
\strutbox@=\box56
LaTeX Info: Redefining \big on input line 721.
LaTeX Info: Redefining \Big on input line 722.
LaTeX Info: Redefining \bigg on input line 723.
LaTeX Info: Redefining \Bigg on input line 724.
\big@size=\dimen158
LaTeX Font Info:    Redeclaring font encoding OML on input line 742.
LaTeX Font Info:    Redeclaring font encoding OMS on input line 743.
\macc@depth=\count291
LaTeX Info: Redefining \bmod on input line 904.
LaTeX Info: Redefining \pmod on input line 909.
LaTeX Info: Redefining \smash on input line 939.
LaTeX Info: Redefining \relbar on input line 969.
LaTeX Info: Redefining \Relbar on input line 970.
\c@MaxMatrixCols=\count292
\dotsspace@=\muskip17
\c@parentequation=\count293
\dspbrk@lvl=\count294
\tag@help=\toks20
\row@=\count295
\column@=\count296
\maxfields@=\count297
\andhelp@=\toks21
\eqnshift@=\dimen159
\alignsep@=\dimen160
\tagshift@=\dimen161
\tagwidth@=\dimen162
\totwidth@=\dimen163
\lineht@=\dimen164
\@envbody=\toks22
\multlinegap=\skip67
\multlinetaggap=\skip68
\mathdisplay@stack=\toks23
LaTeX Info: Redefining \[ on input line 2949.
LaTeX Info: Redefining \] on input line 2950.
) (/usr/local/texlive/2025/texmf-dist/tex/latex/amsfonts/amssymb.sty
Package: amssymb 2013/01/14 v3.01 AMS font symbols
(/usr/local/texlive/2025/texmf-dist/tex/latex/amsfonts/amsfonts.sty
Package: amsfonts 2013/01/14 v3.01 Basic AMSFonts support
\symAMSa=\mathgroup4
\symAMSb=\mathgroup5
LaTeX Font Info:    Redeclaring math symbol \hbar on input line 98.
LaTeX Font Info:    Overwriting math alphabet `\mathfrak' in version `bold'
(Font)                  U/euf/m/n --> U/euf/b/n on input line 106.
)) (/usr/local/texlive/2025/texmf-dist/tex/latex/cancel/cancel.sty
Package: cancel 2013/04/12 v2.2 Cancel math terms
) (/usr/local/texlive/2025/texmf-dist/tex/latex/unicode-math/unicode-math.sty (/usr/local/texlive/2025/texmf-dist/tex/latex/l3kernel/expl3.sty
Package: expl3 2025-05-26 L3 programming layer (loader) 
(/usr/local/texlive/2025/texmf-dist/tex/latex/l3backend/l3backend-luatex.def
File: l3backend-luatex.def 2025-04-14 L3 backend support: PDF output (LuaTeX)
\l__color_backend_stack_int=\count298
Inserting `l3color' in `luaotfload.parse_color'.))
Package: unicode-math 2023/08/13 v0.8r Unicode maths in XeLaTeX and LuaLaTeX

(/usr/local/texlive/2025/texmf-dist/tex/latex/unicode-math/unicode-math-luatex.
sty
Package: unicode-math-luatex 2023/08/13 v0.8r Unicode maths in XeLaTeX and LuaL
aTeX
(/usr/local/texlive/2025/texmf-dist/tex/latex/l3packages/xparse/xparse.sty
Package: xparse 2024-08-16 L3 Experimental document command parser
) (/usr/local/texlive/2025/texmf-dist/tex/latex/l3packages/l3keys2e/l3keys2e.st
y
Package: l3keys2e 2024-08-16 LaTeX2e option processing using LaTeX3 keys
) (/usr/local/texlive/2025/texmf-dist/tex/latex/fontspec/fontspec.sty
Package: fontspec 2024/05/11 v2.9e Font selection for XeLaTeX and LuaLaTeX
Lua module: fontspec 2024/05/11 v2.9e Font selection for XeLaTeX and LuaLaTeX (/usr/local/texlive/2025/texmf-dist/tex/latex/fontspec/fontspec-luatex.sty
Package: fontspec-luatex 2024/05/11 v2.9e Font selection for XeLaTeX and LuaLaT
eX
\l__fontspec_script_int=\count299
\l__fontspec_language_int=\count300
\l__fontspec_strnum_int=\count301
\l__fontspec_tmp_int=\count302
\l__fontspec_tmpa_int=\count303
\l__fontspec_tmpb_int=\count304
\l__fontspec_tmpc_int=\count305
\l__fontspec_em_int=\count306
\l__fontspec_emdef_int=\count307
\l__fontspec_strong_int=\count308
\l__fontspec_strongdef_int=\count309
\l__fontspec_tmpa_dim=\dimen165
\l__fontspec_tmpb_dim=\dimen166
\l__fontspec_tmpc_dim=\dimen167
(/usr/local/texlive/2025/texmf-dist/tex/latex/base/fontenc.sty
Package: fontenc 2024/12/21 v2.1c Standard LaTeX package
) (/usr/local/texlive/2025/texmf-dist/tex/latex/fontspec/fontspec.cfg))) (/usr/
local/texlive/2025/texmf-dist/tex/latex/base/fix-cm.sty
Package: fix-cm 2020/11/24 v1.1t fixes to LaTeX
(/usr/local/texlive/2025/texmf-dist/tex/latex/base/ts1enc.def
File: ts1enc.def 2001/06/05 v3.0e (jk/car/fm) Standard LaTeX file
LaTeX Font Info:    Redeclaring font encoding TS1 on input line 47.
LaTeX Encoding Info:    Redeclaring text command \capitalcedilla (encoding TS1)
 on input line 49.
LaTeX Encoding Info:    Redeclaring text command \capitalogonek (encoding TS1) 
on input line 52.
LaTeX Encoding Info:    Redeclaring text command \capitalgrave (encoding TS1) o
n input line 55.
LaTeX Encoding Info:    Redeclaring text command \capitalacute (encoding TS1) o
n input line 56.
LaTeX Encoding Info:    Redeclaring text command \capitalcircumflex (encoding T
S1) on input line 57.
LaTeX Encoding Info:    Redeclaring text command \capitaltilde (encoding TS1) o
n input line 58.
LaTeX Encoding Info:    Redeclaring text command \capitaldieresis (encoding TS1
) on input line 59.
LaTeX Encoding Info:    Redeclaring text command \capitalhungarumlaut (encoding
 TS1) on input line 60.
LaTeX Encoding Info:    Redeclaring text command \capitalring (encoding TS1) on
 input line 61.
LaTeX Encoding Info:    Redeclaring text command \capitalcaron (encoding TS1) o
n input line 62.
LaTeX Encoding Info:    Redeclaring text command \capitalbreve (encoding TS1) o
n input line 63.
LaTeX Encoding Info:    Redeclaring text command \capitalmacron (encoding TS1) 
on input line 64.
LaTeX Encoding Info:    Redeclaring text command \capitaldotaccent (encoding TS
1) on input line 65.
LaTeX Encoding Info:    Redeclaring text command \t (encoding TS1) on input lin
e 66.
LaTeX Encoding Info:    Redeclaring text command \capitaltie (encoding TS1) on 
input line 67.
LaTeX Encoding Info:    Redeclaring text command \newtie (encoding TS1) on inpu
t line 68.
LaTeX Encoding Info:    Redeclaring text command \capitalnewtie (encoding TS1) 
on input line 69.
LaTeX Encoding Info:    Redeclaring text symbol \textcapitalcompwordmark (encod
ing TS1) on input line 70.
LaTeX Encoding Info:    Redeclaring text symbol \textascendercompwordmark (enco
ding TS1) on input line 71.
LaTeX Encoding Info:    Redeclaring text symbol \textquotestraightbase (encodin
g TS1) on input line 72.
LaTeX Encoding Info:    Redeclaring text symbol \textquotestraightdblbase (enco
ding TS1) on input line 73.
LaTeX Encoding Info:    Redeclaring text symbol \texttwelveudash (encoding TS1)
 on input line 74.
LaTeX Encoding Info:    Redeclaring text symbol \textthreequartersemdash (encod
ing TS1) on input line 75.
LaTeX Encoding Info:    Redeclaring text symbol \textleftarrow (encoding TS1) o
n input line 76.
LaTeX Encoding Info:    Redeclaring text symbol \textrightarrow (encoding TS1) 
on input line 77.
LaTeX Encoding Info:    Redeclaring text symbol \textblank (encoding TS1) on in
put line 78.
LaTeX Encoding Info:    Redeclaring text symbol \textdollar (encoding TS1) on i
nput line 79.
LaTeX Encoding Info:    Redeclaring text symbol \textquotesingle (encoding TS1)
 on input line 80.
LaTeX Encoding Info:    Redeclaring text command \textasteriskcentered (encodin
g TS1) on input line 81.
LaTeX Encoding Info:    Redeclaring text symbol \textdblhyphen (encoding TS1) o
n input line 92.
LaTeX Encoding Info:    Redeclaring text symbol \textfractionsolidus (encoding 
TS1) on input line 93.
LaTeX Encoding Info:    Redeclaring text symbol \textzerooldstyle (encoding TS1
) on input line 94.
LaTeX Encoding Info:    Redeclaring text symbol \textoneoldstyle (encoding TS1)
 on input line 95.
LaTeX Encoding Info:    Redeclaring text symbol \texttwooldstyle (encoding TS1)
 on input line 96.
LaTeX Encoding Info:    Redeclaring text symbol \textthreeoldstyle (encoding TS
1) on input line 97.
LaTeX Encoding Info:    Redeclaring text symbol \textfouroldstyle (encoding TS1
) on input line 98.
LaTeX Encoding Info:    Redeclaring text symbol \textfiveoldstyle (encoding TS1
) on input line 99.
LaTeX Encoding Info:    Redeclaring text symbol \textsixoldstyle (encoding TS1)
 on input line 100.
LaTeX Encoding Info:    Redeclaring text symbol \textsevenoldstyle (encoding TS
1) on input line 101.
LaTeX Encoding Info:    Redeclaring text symbol \texteightoldstyle (encoding TS
1) on input line 102.
LaTeX Encoding Info:    Redeclaring text symbol \textnineoldstyle (encoding TS1
) on input line 103.
LaTeX Encoding Info:    Redeclaring text symbol \textlangle (encoding TS1) on i
nput line 104.
LaTeX Encoding Info:    Redeclaring text symbol \textminus (encoding TS1) on in
put line 105.
LaTeX Encoding Info:    Redeclaring text symbol \textrangle (encoding TS1) on i
nput line 106.
LaTeX Encoding Info:    Redeclaring text symbol \textmho (encoding TS1) on inpu
t line 107.
LaTeX Encoding Info:    Redeclaring text symbol \textbigcircle (encoding TS1) o
n input line 108.
LaTeX Encoding Info:    Redeclaring text command \textcircled (encoding TS1) on
 input line 109.
LaTeX Encoding Info:    Redeclaring text symbol \textohm (encoding TS1) on inpu
t line 115.
LaTeX Encoding Info:    Redeclaring text symbol \textlbrackdbl (encoding TS1) o
n input line 116.
LaTeX Encoding Info:    Redeclaring text symbol \textrbrackdbl (encoding TS1) o
n input line 117.
LaTeX Encoding Info:    Redeclaring text symbol \textuparrow (encoding TS1) on 
input line 118.
LaTeX Encoding Info:    Redeclaring text symbol \textdownarrow (encoding TS1) o
n input line 119.
LaTeX Encoding Info:    Redeclaring text symbol \textasciigrave (encoding TS1) 
on input line 120.
LaTeX Encoding Info:    Redeclaring text symbol \textborn (encoding TS1) on inp
ut line 121.
LaTeX Encoding Info:    Redeclaring text symbol \textdivorced (encoding TS1) on
 input line 122.
LaTeX Encoding Info:    Redeclaring text symbol \textdied (encoding TS1) on inp
ut line 123.
LaTeX Encoding Info:    Redeclaring text symbol \textleaf (encoding TS1) on inp
ut line 124.
LaTeX Encoding Info:    Redeclaring text symbol \textmarried (encoding TS1) on 
input line 125.
LaTeX Encoding Info:    Redeclaring text symbol \textmusicalnote (encoding TS1)
 on input line 126.
LaTeX Encoding Info:    Redeclaring text symbol \texttildelow (encoding TS1) on
 input line 127.
LaTeX Encoding Info:    Redeclaring text symbol \textdblhyphenchar (encoding TS
1) on input line 128.
LaTeX Encoding Info:    Redeclaring text symbol \textasciibreve (encoding TS1) 
on input line 129.
LaTeX Encoding Info:    Redeclaring text symbol \textasciicaron (encoding TS1) 
on input line 130.
LaTeX Encoding Info:    Redeclaring text symbol \textacutedbl (encoding TS1) on
 input line 131.
LaTeX Encoding Info:    Redeclaring text symbol \textgravedbl (encoding TS1) on
 input line 132.
LaTeX Encoding Info:    Redeclaring text symbol \textdagger (encoding TS1) on i
nput line 133.
LaTeX Encoding Info:    Redeclaring text symbol \textdaggerdbl (encoding TS1) o
n input line 134.
LaTeX Encoding Info:    Redeclaring text symbol \textbardbl (encoding TS1) on i
nput line 135.
LaTeX Encoding Info:    Redeclaring text symbol \textperthousand (encoding TS1)
 on input line 136.
LaTeX Encoding Info:    Redeclaring text symbol \textbullet (encoding TS1) on i
nput line 137.
LaTeX Encoding Info:    Redeclaring text symbol \textcelsius (encoding TS1) on 
input line 138.
LaTeX Encoding Info:    Redeclaring text symbol \textdollaroldstyle (encoding T
S1) on input line 139.
LaTeX Encoding Info:    Redeclaring text symbol \textcentoldstyle (encoding TS1
) on input line 140.
LaTeX Encoding Info:    Redeclaring text symbol \textflorin (encoding TS1) on i
nput line 141.
LaTeX Encoding Info:    Redeclaring text symbol \textcolonmonetary (encoding TS
1) on input line 142.
LaTeX Encoding Info:    Redeclaring text symbol \textwon (encoding TS1) on inpu
t line 143.
LaTeX Encoding Info:    Redeclaring text symbol \textnaira (encoding TS1) on in
put line 144.
LaTeX Encoding Info:    Redeclaring text symbol \textguarani (encoding TS1) on 
input line 145.
LaTeX Encoding Info:    Redeclaring text symbol \textpeso (encoding TS1) on inp
ut line 146.
LaTeX Encoding Info:    Redeclaring text symbol \textlira (encoding TS1) on inp
ut line 147.
LaTeX Encoding Info:    Redeclaring text symbol \textrecipe (encoding TS1) on i
nput line 148.
LaTeX Encoding Info:    Redeclaring text symbol \textinterrobang (encoding TS1)
 on input line 149.
LaTeX Encoding Info:    Redeclaring text symbol \textinterrobangdown (encoding 
TS1) on input line 150.
LaTeX Encoding Info:    Redeclaring text symbol \textdong (encoding TS1) on inp
ut line 151.
LaTeX Encoding Info:    Redeclaring text symbol \texttrademark (encoding TS1) o
n input line 152.
LaTeX Encoding Info:    Redeclaring text symbol \textpertenthousand (encoding T
S1) on input line 153.
LaTeX Encoding Info:    Redeclaring text symbol \textpilcrow (encoding TS1) on 
input line 154.
LaTeX Encoding Info:    Redeclaring text symbol \textbaht (encoding TS1) on inp
ut line 155.
LaTeX Encoding Info:    Redeclaring text symbol \textnumero (encoding TS1) on i
nput line 156.
LaTeX Encoding Info:    Redeclaring text symbol \textdiscount (encoding TS1) on
 input line 157.
LaTeX Encoding Info:    Redeclaring text symbol \textestimated (encoding TS1) o
n input line 158.
LaTeX Encoding Info:    Redeclaring text symbol \textopenbullet (encoding TS1) 
on input line 159.
LaTeX Encoding Info:    Redeclaring text symbol \textservicemark (encoding TS1)
 on input line 160.
LaTeX Encoding Info:    Redeclaring text symbol \textlquill (encoding TS1) on i
nput line 161.
LaTeX Encoding Info:    Redeclaring text symbol \textrquill (encoding TS1) on i
nput line 162.
LaTeX Encoding Info:    Redeclaring text symbol \textcent (encoding TS1) on inp
ut line 163.
LaTeX Encoding Info:    Redeclaring text symbol \textsterling (encoding TS1) on
 input line 164.
LaTeX Encoding Info:    Redeclaring text symbol \textcurrency (encoding TS1) on
 input line 165.
LaTeX Encoding Info:    Redeclaring text symbol \textyen (encoding TS1) on inpu
t line 166.
LaTeX Encoding Info:    Redeclaring text symbol \textbrokenbar (encoding TS1) o
n input line 167.
LaTeX Encoding Info:    Redeclaring text symbol \textsection (encoding TS1) on 
input line 168.
LaTeX Encoding Info:    Redeclaring text symbol \textasciidieresis (encoding TS
1) on input line 169.
LaTeX Encoding Info:    Redeclaring text symbol \textcopyright (encoding TS1) o
n input line 170.
LaTeX Encoding Info:    Redeclaring text symbol \textordfeminine (encoding TS1)
 on input line 171.
LaTeX Encoding Info:    Redeclaring text symbol \textcopyleft (encoding TS1) on
 input line 172.
LaTeX Encoding Info:    Redeclaring text symbol \textlnot (encoding TS1) on inp
ut line 173.
LaTeX Encoding Info:    Redeclaring text symbol \textcircledP (encoding TS1) on
 input line 174.
LaTeX Encoding Info:    Redeclaring text symbol \textregistered (encoding TS1) 
on input line 175.
LaTeX Encoding Info:    Redeclaring text symbol \textasciimacron (encoding TS1)
 on input line 176.
LaTeX Encoding Info:    Redeclaring text symbol \textdegree (encoding TS1) on i
nput line 177.
LaTeX Encoding Info:    Redeclaring text symbol \textpm (encoding TS1) on input
 line 178.
LaTeX Encoding Info:    Redeclaring text symbol \texttwosuperior (encoding TS1)
 on input line 179.
LaTeX Encoding Info:    Redeclaring text symbol \textthreesuperior (encoding TS
1) on input line 180.
LaTeX Encoding Info:    Redeclaring text symbol \textasciiacute (encoding TS1) 
on input line 181.
LaTeX Encoding Info:    Redeclaring text symbol \textmu (encoding TS1) on input
 line 182.
LaTeX Encoding Info:    Redeclaring text symbol \textparagraph (encoding TS1) o
n input line 183.
LaTeX Encoding Info:    Redeclaring text symbol \textperiodcentered (encoding T
S1) on input line 184.
LaTeX Encoding Info:    Redeclaring text symbol \textreferencemark (encoding TS
1) on input line 185.
LaTeX Encoding Info:    Redeclaring text symbol \textonesuperior (encoding TS1)
 on input line 186.
LaTeX Encoding Info:    Redeclaring text symbol \textordmasculine (encoding TS1
) on input line 187.
LaTeX Encoding Info:    Redeclaring text symbol \textsurd (encoding TS1) on inp
ut line 188.
LaTeX Encoding Info:    Redeclaring text symbol \textonequarter (encoding TS1) 
on input line 189.
LaTeX Encoding Info:    Redeclaring text symbol \textonehalf (encoding TS1) on 
input line 190.
LaTeX Encoding Info:    Redeclaring text symbol \textthreequarters (encoding TS
1) on input line 191.
LaTeX Encoding Info:    Redeclaring text symbol \texteuro (encoding TS1) on inp
ut line 192.
LaTeX Encoding Info:    Redeclaring text symbol \texttimes (encoding TS1) on in
put line 193.
LaTeX Encoding Info:    Redeclaring text symbol \textdiv (encoding TS1) on inpu
t line 194.
))
(/usr/local/texlive/2025/texmf-dist/tex/lualatex/lualatex-math/lualatex-math.st
y
Package: lualatex-math 2022/01/01 v1.12 Patches for mathematics typesetting wit
h LuaLaTeX
(/usr/local/texlive/2025/texmf-dist/tex/latex/etoolbox/etoolbox.sty
Package: etoolbox 2025/02/11 v2.5l e-TeX tools for LaTeX (JAW)
\etb@tempcnta=\count310
)
Lua module: lualatex-math 2013/08/03 v1.3 Patches for mathematics typesetting wi
th LuaLaTeX)
\g__um_fam_int=\count311
\g__um_fonts_used_int=\count312
\l__um_primecount_int=\count313
\g__um_primekern_muskip=\muskip18

(/usr/local/texlive/2025/texmf-dist/tex/latex/unicode-math/unicode-math-table.t
ex))) (/usr/local/texlive/2025/texmf-dist/tex/latex/lm/lmodern.sty
Package: lmodern 2015/05/01 v1.6.1 Latin Modern Fonts
LaTeX Font Info:    Overwriting symbol font `operators' in version `normal'
(Font)                  OT1/cmr/m/n --> OT1/lmr/m/n on input line 22.
LaTeX Font Info:    Overwriting symbol font `letters' in version `normal'
(Font)                  OML/cmm/m/it --> OML/lmm/m/it on input line 23.
LaTeX Font Info:    Overwriting symbol font `symbols' in version `normal'
(Font)                  OMS/cmsy/m/n --> OMS/lmsy/m/n on input line 24.
LaTeX Font Info:    Overwriting symbol font `largesymbols' in version `normal'
(Font)                  OMX/cmex/m/n --> OMX/lmex/m/n on input line 25.
LaTeX Font Info:    Overwriting symbol font `operators' in version `bold'
(Font)                  OT1/cmr/bx/n --> OT1/lmr/bx/n on input line 26.
LaTeX Font Info:    Overwriting symbol font `letters' in version `bold'
(Font)                  OML/cmm/b/it --> OML/lmm/b/it on input line 27.
LaTeX Font Info:    Overwriting symbol font `symbols' in version `bold'
(Font)                  OMS/cmsy/b/n --> OMS/lmsy/b/n on input line 28.
LaTeX Font Info:    Overwriting symbol font `largesymbols' in version `bold'
(Font)                  OMX/cmex/m/n --> OMX/lmex/m/n on input line 29.
LaTeX Font Info:    Overwriting math alphabet `\mathbf' in version `normal'
(Font)                  OT1/cmr/bx/n --> OT1/lmr/bx/n on input line 31.
LaTeX Font Info:    Overwriting math alphabet `\mathsf' in version `normal'
(Font)                  OT1/cmss/m/n --> OT1/lmss/m/n on input line 32.
LaTeX Font Info:    Overwriting math alphabet `\mathit' in version `normal'
(Font)                  OT1/cmr/m/it --> OT1/lmr/m/it on input line 33.
LaTeX Font Info:    Overwriting math alphabet `\mathtt' in version `normal'
(Font)                  OT1/cmtt/m/n --> OT1/lmtt/m/n on input line 34.
LaTeX Font Info:    Overwriting math alphabet `\mathbf' in version `bold'
(Font)                  OT1/cmr/bx/n --> OT1/lmr/bx/n on input line 35.
LaTeX Font Info:    Overwriting math alphabet `\mathsf' in version `bold'
(Font)                  OT1/cmss/bx/n --> OT1/lmss/bx/n on input line 36.
LaTeX Font Info:    Overwriting math alphabet `\mathit' in version `bold'
(Font)                  OT1/cmr/bx/it --> OT1/lmr/bx/it on input line 37.
LaTeX Font Info:    Overwriting math alphabet `\mathtt' in version `bold'
(Font)                  OT1/cmtt/m/n --> OT1/lmtt/m/n on input line 38.
)
luaotfload | cache : Lookup cache loaded from /home/oren/.texlive2025/texmf-var/
luatex-cache/generic/names/luaotfload-lookup-cache.luc.

Package fontspec Info: 
(fontspec)             Libertinus Serif scale = 1.004661224781475.


Package fontspec Info: 
(fontspec)             Libertinus Serif scale = 1.


Package fontspec Info: 
(fontspec)             Libertinus Serif scale = 1.004661224781475.


Package fontspec Info: 
(fontspec)             Libertinus Serif scale = 1.


Package fontspec Info: 
(fontspec)             Libertinus Serif scale = 1.004661224781475.


Package fontspec Info: 
(fontspec)             Libertinus Serif scale = 1.


Package fontspec Info: 
(fontspec)             Libertinus Serif/B scale = 0.9953786245293341.


Package fontspec Info: 
(fontspec)             Libertinus Serif/B scale = 1.


Package fontspec Info: 
(fontspec)             Libertinus Serif/B scale = 0.9953786245293341.


Package fontspec Info: 
(fontspec)             Libertinus Serif/B scale = 1.


Package fontspec Info: 
(fontspec)             Libertinus Serif/I scale = 1.004661224781475.


Package fontspec Info: 
(fontspec)             Libertinus Serif/I scale = 1.


Package fontspec Info: 
(fontspec)             Libertinus Serif/I scale = 1.004661224781475.


Package fontspec Info: 
(fontspec)             Libertinus Serif/I scale = 1.


Package fontspec Info: 
(fontspec)             Libertinus Serif/BI scale = 1.004661224781475.


Package fontspec Info: 
(fontspec)             Libertinus Serif/BI scale = 1.


Package fontspec Info: 
(fontspec)             Libertinus Serif/BI scale = 1.004661224781475.


Package fontspec Info: 
(fontspec)             Libertinus Serif/BI scale = 1.


Package fontspec Info: 
(fontspec)             Font family 'LibertinusSerif(0)' created for font
(fontspec)             'Libertinus Serif' with options
(fontspec)             [Scale=MatchLowercase,Ligatures=TeX,Scale=1,RawFeature={
fallback=mainfontfallback}].
(fontspec)              
(fontspec)              This font family consists of the following NFSS
(fontspec)             series/shapes:
(fontspec)              
(fontspec)             - 'normal' (m/n) with NFSS spec.:
(fontspec)             <->s*[1]"name:Libertinus
(fontspec)             Serif:mode=node;script=latn;language=dflt;+tlig;fallback
=mainfontfallback;"
(fontspec)             - 'small caps'  (m/sc) with NFSS spec.:
(fontspec)             <->s*[1]"name:Libertinus
(fontspec)             Serif:mode=node;script=latn;language=dflt;+tlig;fallback
=mainfontfallback;+smcp;"
(fontspec)             - 'bold' (b/n) with NFSS spec.:
(fontspec)             <->s*[1]"name:Libertinus
(fontspec)             Serif/B:mode=node;script=latn;language=dflt;+tlig;fallba
ck=mainfontfallback;"
(fontspec)             - 'bold small caps'  (b/sc) with NFSS spec.:
(fontspec)             <->s*[1]"name:Libertinus
(fontspec)             Serif/B:mode=node;script=latn;language=dflt;+tlig;fallba
ck=mainfontfallback;+smcp;"
(fontspec)             - 'italic' (m/it) with NFSS spec.:
(fontspec)             <->s*[1]"name:Libertinus
(fontspec)             Serif/I:mode=node;script=latn;language=dflt;+tlig;fallba
ck=mainfontfallback;"
(fontspec)             - 'italic small caps'  (m/scit) with NFSS spec.:
(fontspec)             <->s*[1]"name:Libertinus
(fontspec)             Serif/I:mode=node;script=latn;language=dflt;+tlig;fallba
ck=mainfontfallback;+smcp;"
(fontspec)             - 'bold italic' (b/it) with NFSS spec.:
(fontspec)             <->s*[1]"name:Libertinus
(fontspec)             Serif/BI:mode=node;script=latn;language=dflt;+tlig;fallb
ack=mainfontfallback;"
(fontspec)             - 'bold italic small caps'  (b/scit) with NFSS spec.:
(fontspec)             <->s*[1]"name:Libertinus
(fontspec)             Serif/BI:mode=node;script=latn;language=dflt;+tlig;fallb
ack=mainfontfallback;+smcp;"

LaTeX Font Info:    Font shape `TU/LibertinusSerif(0)/m/n' will be
(Font)              scaled to size 10.95pt on input line 38.

Package fontspec Info: 
(fontspec)             Libertinus Serif scale = 1.


Package fontspec Info: 
(fontspec)             Libertinus Serif scale = 1.


Package fontspec Info: 
(fontspec)             Libertinus Serif scale = 1.


Package fontspec Info: 
(fontspec)             Libertinus Serif/B scale = 0.990760467286712.


Package fontspec Info: 
(fontspec)             Libertinus Serif/B scale = 0.990760467286712.


Package fontspec Info: 
(fontspec)             Libertinus Serif/I scale = 1.


Package fontspec Info: 
(fontspec)             Libertinus Serif/I scale = 1.


Package fontspec Info: 
(fontspec)             Libertinus Serif/BI scale = 1.


Package fontspec Info: 
(fontspec)             Libertinus Serif/BI scale = 1.


Package fontspec Info: 
(fontspec)             Font family 'LibertinusSerif(1)' created for font
(fontspec)             'Libertinus Serif' with options
(fontspec)             [Scale=MatchLowercase,Renderer=Basic,RawFeature={fallbac
k=mainfontfallback}].
(fontspec)              
(fontspec)              This font family consists of the following NFSS
(fontspec)             series/shapes:
(fontspec)              
(fontspec)             - 'normal' (m/n) with NFSS spec.:
(fontspec)             <->s*[1]"name:Libertinus
(fontspec)             Serif:mode=base;script=latn;language=dflt;fallback=mainf
ontfallback;"
(fontspec)             - 'small caps'  (m/sc) with NFSS spec.:
(fontspec)             <->s*[1]"name:Libertinus
(fontspec)             Serif:mode=base;script=latn;language=dflt;fallback=mainf
ontfallback;+smcp;"
(fontspec)             - 'bold' (b/n) with NFSS spec.:
(fontspec)             <->s*[0.990760467286712]"name:Libertinus
(fontspec)             Serif/B:mode=base;script=latn;language=dflt;fallback=mai
nfontfallback;"
(fontspec)             - 'bold small caps'  (b/sc) with NFSS spec.:
(fontspec)             <->s*[0.990760467286712]"name:Libertinus
(fontspec)             Serif/B:mode=base;script=latn;language=dflt;fallback=mai
nfontfallback;+smcp;"
(fontspec)             - 'italic' (m/it) with NFSS spec.:
(fontspec)             <->s*[1]"name:Libertinus
(fontspec)             Serif/I:mode=base;script=latn;language=dflt;fallback=mai
nfontfallback;"
(fontspec)             - 'italic small caps'  (m/scit) with NFSS spec.:
(fontspec)             <->s*[1]"name:Libertinus
(fontspec)             Serif/I:mode=base;script=latn;language=dflt;fallback=mai
nfontfallback;+smcp;"
(fontspec)             - 'bold italic' (b/it) with NFSS spec.:
(fontspec)             <->s*[1]"name:Libertinus
(fontspec)             Serif/BI:mode=base;script=latn;language=dflt;fallback=ma
infontfallback;"
(fontspec)             - 'bold italic small caps'  (b/scit) with NFSS spec.:
(fontspec)             <->s*[1]"name:Libertinus
(fontspec)             Serif/BI:mode=base;script=latn;language=dflt;fallback=ma
infontfallback;+smcp;"

LaTeX Font Info:    Overwriting math alphabet `\mathrm' in version `normal'
(Font)                  OT1/lmr/m/n --> TU/LibertinusSerif(1)/m/n on input line
 38.
LaTeX Font Info:    Overwriting math alphabet `\mathit' in version `normal'
(Font)                  OT1/lmr/m/it --> TU/LibertinusSerif(1)/m/it on input li
ne 38.
LaTeX Font Info:    Overwriting math alphabet `\mathbf' in version `normal'
(Font)                  OT1/lmr/bx/n --> TU/LibertinusSerif(1)/b/n on input lin
e 38.

Package fontspec Info: 
(fontspec)             Libertinus Sans scale = 0.9326064960951938.


Package fontspec Info: 
(fontspec)             Could not resolve font "Libertinus Sans/BI" (it
(fontspec)             probably doesn't exist).


Package fontspec Info: 
(fontspec)             Libertinus Sans scale = 0.9326064960951938.


Package fontspec Info: 
(fontspec)             Libertinus Sans scale = 0.9326064960951938.


Package fontspec Info: 
(fontspec)             Libertinus Sans/B scale = 1.


Package fontspec Info: 
(fontspec)             Libertinus Sans/B scale = 1.


Package fontspec Info: 
(fontspec)             Libertinus Sans/I scale = 1.


Package fontspec Info: 
(fontspec)             Libertinus Sans/I scale = 1.


Package fontspec Info: 
(fontspec)             Font family 'LibertinusSans(0)' created for font
(fontspec)             'Libertinus Sans' with options
(fontspec)             [Scale=MatchLowercase,Ligatures=TeX].
(fontspec)              
(fontspec)              This font family consists of the following NFSS
(fontspec)             series/shapes:
(fontspec)              
(fontspec)             - 'normal' (m/n) with NFSS spec.:
(fontspec)             <->s*[0.9326064960951938]"name:Libertinus
(fontspec)             Sans:mode=node;script=latn;language=dflt;+tlig;"
(fontspec)             - 'small caps'  (m/sc) with NFSS spec.:
(fontspec)             <->s*[0.9326064960951938]"name:Libertinus
(fontspec)             Sans:mode=node;script=latn;language=dflt;+tlig;+smcp;"
(fontspec)             - 'bold' (b/n) with NFSS spec.:
(fontspec)             <->s*[1]"name:Libertinus
(fontspec)             Sans/B:mode=node;script=latn;language=dflt;+tlig;"
(fontspec)             - 'bold small caps'  (b/sc) with NFSS spec.:
(fontspec)             <->s*[1]"name:Libertinus
(fontspec)             Sans/B:mode=node;script=latn;language=dflt;+tlig;+smcp;"

(fontspec)             - 'italic' (m/it) with NFSS spec.:
(fontspec)             <->s*[1]"name:Libertinus
(fontspec)             Sans/I:mode=node;script=latn;language=dflt;+tlig;"
(fontspec)             - 'italic small caps'  (m/scit) with NFSS spec.:
(fontspec)             <->s*[1]"name:Libertinus
(fontspec)             Sans/I:mode=node;script=latn;language=dflt;+tlig;+smcp;"



Package fontspec Info: 
(fontspec)             Libertinus Sans scale = 0.9326064960951938.


Package fontspec Info: 
(fontspec)             Could not resolve font "Libertinus Sans/BI" (it
(fontspec)             probably doesn't exist).


Package fontspec Info: 
(fontspec)             Libertinus Sans scale = 0.9326064960951938.


Package fontspec Info: 
(fontspec)             Libertinus Sans scale = 0.9326064960951938.


Package fontspec Info: 
(fontspec)             Libertinus Sans/B scale = 1.


Package fontspec Info: 
(fontspec)             Libertinus Sans/B scale = 1.


Package fontspec Info: 
(fontspec)             Libertinus Sans/I scale = 1.


Package fontspec Info: 
(fontspec)             Libertinus Sans/I scale = 1.


Package fontspec Info: 
(fontspec)             Font family 'LibertinusSans(1)' created for font
(fontspec)             'Libertinus Sans' with options
(fontspec)             [Scale=MatchLowercase,Renderer=Basic].
(fontspec)              
(fontspec)              This font family consists of the following NFSS
(fontspec)             series/shapes:
(fontspec)              
(fontspec)             - 'normal' (m/n) with NFSS spec.:
(fontspec)             <->s*[0.9326064960951938]"name:Libertinus
(fontspec)             Sans:mode=base;script=latn;language=dflt;"
(fontspec)             - 'small caps'  (m/sc) with NFSS spec.:
(fontspec)             <->s*[0.9326064960951938]"name:Libertinus
(fontspec)             Sans:mode=base;script=latn;language=dflt;+smcp;"
(fontspec)             - 'bold' (b/n) with NFSS spec.:
(fontspec)             <->s*[1]"name:Libertinus
(fontspec)             Sans/B:mode=base;script=latn;language=dflt;"
(fontspec)             - 'bold small caps'  (b/sc) with NFSS spec.:
(fontspec)             <->s*[1]"name:Libertinus
(fontspec)             Sans/B:mode=base;script=latn;language=dflt;+smcp;"
(fontspec)             - 'italic' (m/it) with NFSS spec.:
(fontspec)             <->s*[1]"name:Libertinus
(fontspec)             Sans/I:mode=base;script=latn;language=dflt;"
(fontspec)             - 'italic small caps'  (m/scit) with NFSS spec.:
(fontspec)             <->s*[1]"name:Libertinus
(fontspec)             Sans/I:mode=base;script=latn;language=dflt;+smcp;"

LaTeX Font Info:    Overwriting math alphabet `\mathsf' in version `normal'
(Font)                  OT1/lmss/m/n --> TU/LibertinusSans(1)/m/n on input line
 39.
LaTeX Font Info:    Overwriting math alphabet `\mathsf' in version `bold'
(Font)                  OT1/lmss/bx/n --> TU/LibertinusSans(1)/b/n on input lin
e 39.

Package fontspec Info: 
(fontspec)             Libertinus Mono scale = 0.8666664789906032.


Package fontspec Info: 
(fontspec)             Could not resolve font "Libertinus Mono/BI" (it
(fontspec)             probably doesn't exist).


Package fontspec Info: 
(fontspec)             Could not resolve font "Libertinus Mono/B" (it probably
(fontspec)             doesn't exist).


Package fontspec Info: 
(fontspec)             Could not resolve font "Libertinus Mono/I" (it probably
(fontspec)             doesn't exist).


Package fontspec Info: 
(fontspec)             Libertinus Mono scale = 0.8666664789906032.


Package fontspec Info: 
(fontspec)             Font family 'LibertinusMono(0)' created for font
(fontspec)             'Libertinus Mono' with options
(fontspec)             [Scale=MatchLowercase,WordSpace={1,0,0},HyphenChar=None,
PunctuationSpace=WordSpace].
(fontspec)              
(fontspec)              This font family consists of the following NFSS
(fontspec)             series/shapes:
(fontspec)              
(fontspec)             - 'normal' (m/n) with NFSS spec.:
(fontspec)             <->s*[0.8666664789906032]"name:Libertinus
(fontspec)             Mono:mode=node;script=latn;language=dflt;"


Package fontspec Info: 
(fontspec)             Libertinus Mono scale = 0.8666664789906032.


Package fontspec Info: 
(fontspec)             Could not resolve font "Libertinus Mono/BI" (it
(fontspec)             probably doesn't exist).


Package fontspec Info: 
(fontspec)             Could not resolve font "Libertinus Mono/B" (it probably
(fontspec)             doesn't exist).


Package fontspec Info: 
(fontspec)             Could not resolve font "Libertinus Mono/I" (it probably
(fontspec)             doesn't exist).


Package fontspec Info: 
(fontspec)             Libertinus Mono scale = 0.8666664789906032.


Package fontspec Info: 
(fontspec)             Font family 'LibertinusMono(1)' created for font
(fontspec)             'Libertinus Mono' with options
(fontspec)             [Scale=MatchLowercase,Renderer=Basic].
(fontspec)              
(fontspec)              This font family consists of the following NFSS
(fontspec)             series/shapes:
(fontspec)              
(fontspec)             - 'normal' (m/n) with NFSS spec.:
(fontspec)             <->s*[0.8666664789906032]"name:Libertinus
(fontspec)             Mono:mode=base;script=latn;language=dflt;"

LaTeX Font Info:    Overwriting math alphabet `\mathtt' in version `normal'
(Font)                  OT1/lmtt/m/n --> TU/LibertinusMono(1)/m/n on input line
 40.
LaTeX Font Info:    Overwriting math alphabet `\mathtt' in version `bold'
(Font)                  OT1/lmtt/m/n --> TU/LibertinusMono(1)/b/n on input line
 40.

Package fontspec Info: 
(fontspec)             Libertinus Math scale = 1.


Package fontspec Info: 
(fontspec)             Could not resolve font "Libertinus Math/B" (it probably
(fontspec)             doesn't exist).


Package fontspec Info: 
(fontspec)             Libertinus Math scale = 1.


Package fontspec Info: 
(fontspec)             Font family 'LibertinusMath(0)' created for font
(fontspec)             'Libertinus Math' with options
(fontspec)             [Scale=MatchLowercase,Renderer=Basic,BoldItalicFont={},I
talicFont={},SmallCapsFont={},Script=Math,RawFeature={mathfontdimen=xetex}].
(fontspec)              
(fontspec)              This font family consists of the following NFSS
(fontspec)             series/shapes:
(fontspec)              
(fontspec)             - 'normal' (m/n) with NFSS spec.:
(fontspec)             <->s*[1]"name:Libertinus
(fontspec)             Math:mode=base;script=math;language=dflt;mathfontdimen=x
etex;"

LaTeX Font Info:    Font shape `TU/LibertinusMath(0)/m/n' will be
(Font)              scaled to size 10.95pt on input line 41.

Package fontspec Info: 
(fontspec)             Libertinus Math scale = 1.


Package fontspec Info: 
(fontspec)             Could not resolve font "Libertinus Math/B" (it probably
(fontspec)             doesn't exist).


Package fontspec Info: 
(fontspec)             Libertinus Math scale = 1.


Package fontspec Info: 
(fontspec)             Libertinus Math scale = 1.


Package fontspec Info: 
(fontspec)             Libertinus Math scale = 1.


Package fontspec Info: 
(fontspec)             Font family 'LibertinusMath(1)' created for font
(fontspec)             'Libertinus Math' with options
(fontspec)             [Scale=MatchLowercase,Renderer=Basic,BoldItalicFont={},I
talicFont={},SmallCapsFont={},Script=Math,SizeFeatures={{Size=9.855-},{Size=7.6
65-9.855,Font=Libertinus
(fontspec)             Math,Style=MathScript},{Size=-7.665,Font=Libertinus
(fontspec)             Math,Style=MathScriptScript}},RawFeature={mathfontdimen=
xetex}].
(fontspec)              
(fontspec)              This font family consists of the following NFSS
(fontspec)             series/shapes:
(fontspec)              
(fontspec)             - 'normal' (m/n) with NFSS spec.:
(fontspec)             <9.855->s*[1]"name:Libertinus
(fontspec)             Math:mode=base;script=math;language=dflt;mathfontdimen=x
etex;"<7.665-9.855>s*[1]"name:Libertinus
(fontspec)             Math:mode=base;script=math;language=dflt;mathfontdimen=x
etex;+ssty=0;"<-7.665>s*[1]"name:Libertinus
(fontspec)             Math:mode=base;script=math;language=dflt;mathfontdimen=x
etex;+ssty=1;"

LaTeX Font Info:    Font shape `TU/LibertinusMath(1)/m/n' will be
(Font)              scaled to size 10.95pt on input line 41.
LaTeX Font Info:    Encoding `OT1' has changed to `TU' for symbol font
(Font)              `operators' in the math version `normal' on input line 41.
LaTeX Font Info:    Overwriting symbol font `operators' in version `normal'
(Font)                  OT1/lmr/m/n --> TU/LibertinusMath(1)/m/n on input line 
41.
LaTeX Font Info:    Encoding `OT1' has changed to `TU' for symbol font
(Font)              `operators' in the math version `bold' on input line 41.
LaTeX Font Info:    Overwriting symbol font `operators' in version `bold'
(Font)                  OT1/lmr/bx/n --> TU/LibertinusMath(1)/b/n on input line
 41.

Package fontspec Info: 
(fontspec)             Libertinus Math scale = 1.


Package fontspec Info: 
(fontspec)             Could not resolve font "Libertinus Math/B" (it probably
(fontspec)             doesn't exist).


Package fontspec Info: 
(fontspec)             Libertinus Math scale = 1.


Package fontspec Info: 
(fontspec)             Libertinus Math scale = 1.


Package fontspec Info: 
(fontspec)             Libertinus Math scale = 1.


Package fontspec Info: 
(fontspec)             Font family 'LibertinusMath(2)' created for font
(fontspec)             'Libertinus Math' with options
(fontspec)             [Scale=MatchLowercase,Renderer=Basic,BoldItalicFont={},I
talicFont={},SmallCapsFont={},Script=Math,SizeFeatures={{Size=9.855-},{Size=7.6
65-9.855,Font=Libertinus
(fontspec)             Math,Style=MathScript},{Size=-7.665,Font=Libertinus
(fontspec)             Math,Style=MathScriptScript}},RawFeature={mathfontdimen=
xetex},RawFeature={mathfontdimen=tex2}].
(fontspec)              
(fontspec)              This font family consists of the following NFSS
(fontspec)             series/shapes:
(fontspec)              
(fontspec)             - 'normal' (m/n) with NFSS spec.:
(fontspec)             <9.855->s*[1]"name:Libertinus
(fontspec)             Math:mode=base;script=math;language=dflt;mathfontdimen=x
etex;mathfontdimen=tex2;"<7.665-9.855>s*[1]"name:Libertinus
(fontspec)             Math:mode=base;script=math;language=dflt;mathfontdimen=x
etex;mathfontdimen=tex2;+ssty=0;"<-7.665>s*[1]"name:Libertinus
(fontspec)             Math:mode=base;script=math;language=dflt;mathfontdimen=x
etex;mathfontdimen=tex2;+ssty=1;"

LaTeX Font Info:    Encoding `OMS' has changed to `TU' for symbol font
(Font)              `symbols' in the math version `normal' on input line 41.
LaTeX Font Info:    Overwriting symbol font `symbols' in version `normal'
(Font)                  OMS/lmsy/m/n --> TU/LibertinusMath(2)/m/n on input line
 41.
LaTeX Font Info:    Encoding `OMS' has changed to `TU' for symbol font
(Font)              `symbols' in the math version `bold' on input line 41.
LaTeX Font Info:    Overwriting symbol font `symbols' in version `bold'
(Font)                  OMS/lmsy/b/n --> TU/LibertinusMath(2)/b/n on input line
 41.

Package fontspec Info: 
(fontspec)             Libertinus Math scale = 1.


Package fontspec Info: 
(fontspec)             Could not resolve font "Libertinus Math/B" (it probably
(fontspec)             doesn't exist).


Package fontspec Info: 
(fontspec)             Libertinus Math scale = 1.


Package fontspec Info: 
(fontspec)             Libertinus Math scale = 1.


Package fontspec Info: 
(fontspec)             Libertinus Math scale = 1.


Package fontspec Info: 
(fontspec)             Font family 'LibertinusMath(3)' created for font
(fontspec)             'Libertinus Math' with options
(fontspec)             [Scale=MatchLowercase,Renderer=Basic,BoldItalicFont={},I
talicFont={},SmallCapsFont={},Script=Math,SizeFeatures={{Size=9.855-},{Size=7.6
65-9.855,Font=Libertinus
(fontspec)             Math,Style=MathScript},{Size=-7.665,Font=Libertinus
(fontspec)             Math,Style=MathScriptScript}},RawFeature={mathfontdimen=
xetex},RawFeature={mathfontdimen=tex3}].
(fontspec)              
(fontspec)              This font family consists of the following NFSS
(fontspec)             series/shapes:
(fontspec)              
(fontspec)             - 'normal' (m/n) with NFSS spec.:
(fontspec)             <9.855->s*[1]"name:Libertinus
(fontspec)             Math:mode=base;script=math;language=dflt;mathfontdimen=x
etex;mathfontdimen=tex3;"<7.665-9.855>s*[1]"name:Libertinus
(fontspec)             Math:mode=base;script=math;language=dflt;mathfontdimen=x
etex;mathfontdimen=tex3;+ssty=0;"<-7.665>s*[1]"name:Libertinus
(fontspec)             Math:mode=base;script=math;language=dflt;mathfontdimen=x
etex;mathfontdimen=tex3;+ssty=1;"

LaTeX Font Info:    Encoding `OMX' has changed to `TU' for symbol font
(Font)              `largesymbols' in the math version `normal' on input line 4
1.
LaTeX Font Info:    Overwriting symbol font `largesymbols' in version `normal'
(Font)                  OMX/lmex/m/n --> TU/LibertinusMath(3)/m/n on input line
 41.
LaTeX Font Info:    Encoding `OMX' has changed to `TU' for symbol font
(Font)              `largesymbols' in the math version `bold' on input line 41.

LaTeX Font Info:    Overwriting symbol font `largesymbols' in version `bold'
(Font)                  OMX/lmex/m/n --> TU/LibertinusMath(3)/b/n on input line
 41.
LaTeX Font Info:    Font shape `TU/LibertinusMath(1)/m/n' will be
(Font)              scaled to size 8.76pt on input line 41.
LaTeX Font Info:    Font shape `TU/LibertinusMath(1)/m/n' will be
(Font)              scaled to size 6.57pt on input line 41.
LaTeX Font Info:    Trying to load font information for OML+lmm on input line 4
1.
(/usr/local/texlive/2025/texmf-dist/tex/latex/lm/omllmm.fd
File: omllmm.fd 2015/05/01 v1.6.1 Font defs for Latin Modern
)
LaTeX Font Info:    Font shape `TU/LibertinusMath(2)/m/n' will be
(Font)              scaled to size 10.95pt on input line 41.
LaTeX Font Info:    Font shape `TU/LibertinusMath(2)/m/n' will be
(Font)              scaled to size 8.76pt on input line 41.
LaTeX Font Info:    Font shape `TU/LibertinusMath(2)/m/n' will be
(Font)              scaled to size 6.57pt on input line 41.
LaTeX Font Info:    Font shape `TU/LibertinusMath(3)/m/n' will be
(Font)              scaled to size 10.95pt on input line 41.
LaTeX Font Info:    Font shape `TU/LibertinusMath(3)/m/n' will be
(Font)              scaled to size 8.76pt on input line 41.
LaTeX Font Info:    Font shape `TU/LibertinusMath(3)/m/n' will be
(Font)              scaled to size 6.57pt on input line 41.
LaTeX Font Info:    Trying to load font information for U+msa on input line 41.

(/usr/local/texlive/2025/texmf-dist/tex/latex/amsfonts/umsa.fd
File: umsa.fd 2013/01/14 v3.01 AMS symbols A
)
LaTeX Font Info:    Trying to load font information for U+msb on input line 41.

(/usr/local/texlive/2025/texmf-dist/tex/latex/amsfonts/umsb.fd
File: umsb.fd 2013/01/14 v3.01 AMS symbols B
) (/usr/local/texlive/2025/texmf-dist/tex/latex/upquote/upquote.sty
Package: upquote 2012/04/19 v1.3 upright-quote and grave-accent glyphs in verba
tim
(/usr/local/texlive/2025/texmf-dist/tex/latex/base/textcomp.sty
Package: textcomp 2024/04/24 v2.1b Standard LaTeX package
)) (/usr/local/texlive/2025/texmf-dist/tex/latex/microtype/microtype.sty
Package: microtype 2025/02/11 v3.2a Micro-typographical refinements (RS)
\MT@toks=\toks24
\MT@tempbox=\box57
\MT@count=\count314
LaTeX Info: Redefining \noprotrusionifhmode on input line 1087.
LaTeX Info: Redefining \leftprotrusion on input line 1088.
\MT@prot@toks=\toks25
LaTeX Info: Redefining \rightprotrusion on input line 1107.
LaTeX Info: Redefining \textls on input line 1449.
\MT@outer@kern=\dimen168
LaTeX Info: Redefining \microtypecontext on input line 2053.
LaTeX Info: Redefining \textmicrotypecontext on input line 2070.
\MT@listname@count=\count315
(/usr/local/texlive/2025/texmf-dist/tex/latex/microtype/microtype-luatex.def
File: microtype-luatex.def 2025/02/11 v3.2a Definitions specific to luatex (RS)

Lua module: microtype 2025/02/11 v3.2a microtype module.
Module microtype Info: overwriting function `keepligature' on input line 63
LaTeX Info: Redefining \lsstyle on input line 779.
LaTeX Info: Redefining \lslig on input line 779.
\MT@outer@space=\skip69
)
Package microtype Info: Loading configuration file microtype.cfg.
(/usr/local/texlive/2025/texmf-dist/tex/latex/microtype/microtype.cfg
File: microtype.cfg 2025/02/11 v3.2a microtype main configuration file (RS)
)
LaTeX Info: Redefining \microtypesetup on input line 3065.
) (/usr/local/texlive/2025/texmf-dist/tex/latex/fancyvrb/fancyvrb.sty
Package: fancyvrb 2024/01/20 4.5c verbatim text (tvz,hv)
\FV@CodeLineNo=\count316
\FV@InFile=\read2
\FV@TabBox=\box58
\c@FancyVerbLine=\count317
\FV@StepNumber=\count318
\FV@OutFile=\write3
) (/usr/local/texlive/2025/texmf-dist/tex/latex/framed/framed.sty
Package: framed 2011/10/22 v 0.96: framed or shaded text with page breaks
\OuterFrameSep=\skip70
\fb@frw=\dimen169
\fb@frh=\dimen170
\FrameRule=\dimen171
\FrameSep=\dimen172
) (/usr/local/texlive/2025/texmf-dist/tex/latex/tools/longtable.sty
Package: longtable 2024-12-18 v4.23 Multi-page Table package (DPC)
\LTleft=\skip71
\LTright=\skip72
\LTpre=\skip73
\LTpost=\skip74
\LTchunksize=\count319
\LTcapwidth=\dimen173
\LT@head=\box59
\LT@firsthead=\box60
\LT@foot=\box61
\LT@lastfoot=\box62
\LT@gbox=\box63
\LT@cols=\count320
\LT@rows=\count321
\c@LT@tables=\count322
\c@LT@chunks=\count323
\LT@p@ftn=\toks26
)
Class scrreprt Info: longtable captions redefined on input line 124.
(/usr/local/texlive/2025/texmf-dist/tex/latex/booktabs/booktabs.sty
Package: booktabs 2020/01/12 v1.61803398 Publication quality tables
\heavyrulewidth=\dimen174
\lightrulewidth=\dimen175
\cmidrulewidth=\dimen176
\belowrulesep=\dimen177
\belowbottomsep=\dimen178
\aboverulesep=\dimen179
\abovetopsep=\dimen180
\cmidrulesep=\dimen181
\cmidrulekern=\dimen182
\defaultaddspace=\dimen183
\@cmidla=\count324
\@cmidlb=\count325
\@aboverulesep=\dimen184
\@belowrulesep=\dimen185
\@thisruleclass=\count326
\@lastruleclass=\count327
\@thisrulewidth=\dimen186
) (/usr/local/texlive/2025/texmf-dist/tex/latex/tools/array.sty
Package: array 2025/05/19 v2.6i Tabular extension package (FMi)
\col@sep=\dimen187
\ar@mcellbox=\box64
\extrarowheight=\dimen188
\NC@list=\toks27
\extratabsurround=\skip75
\backup@length=\skip76
\ar@cellbox=\box65
)
\c@none=\count328
(/usr/local/texlive/2025/texmf-dist/tex/latex/tools/calc.sty
Package: calc 2025/03/01 v4.3b Infix arithmetic (KKT,FJ)
\calc@Acount=\count329
\calc@Bcount=\count330
\calc@Adimen=\dimen189
\calc@Bdimen=\dimen190
\calc@Askip=\skip77
\calc@Bskip=\skip78
LaTeX Info: Redefining \setlength on input line 86.
LaTeX Info: Redefining \addtolength on input line 87.
\calc@Ccount=\count331
\calc@Cskip=\skip79
) (/usr/local/texlive/2025/texmf-dist/tex/latex/footnotehyper/footnotehyper.sty
Package: footnotehyper 2021/08/13 v1.1e hyperref aware footnote.sty (JFB)
\FNH@notes=\box66
\FNH@width=\dimen191
\FNH@toks=\toks28
) (/usr/local/texlive/2025/texmf-dist/tex/latex/graphics/graphicx.sty
Package: graphicx 2024/12/31 v1.2e Enhanced LaTeX Graphics (DPC,SPQR)
(/usr/local/texlive/2025/texmf-dist/tex/latex/graphics/graphics.sty
Package: graphics 2024/08/06 v1.4g Standard LaTeX Graphics (DPC,SPQR)
(/usr/local/texlive/2025/texmf-dist/tex/latex/graphics/trig.sty
Package: trig 2023/12/02 v1.11 sin cos tan (DPC)
) (/usr/local/texlive/2025/texmf-dist/tex/latex/graphics-cfg/graphics.cfg
File: graphics.cfg 2016/06/04 v1.11 sample graphics configuration
)
Package graphics Info: Driver file: luatex.def on input line 106.
)
\Gin@req@height=\dimen192
\Gin@req@width=\dimen193
)
\pandoc@box=\box67
(/usr/local/texlive/2025/texmf-dist/tex/latex/luacolor/luacolor.sty
Package: luacolor 2023-08-18 v1.18 Color support via LuaTeX's attributes (HO)
Inserting `luacolor.process' in `pre_shipout_filter'.
\LuaCol@Attribute=\attribute4
) (/usr/local/texlive/2025/texmf-dist/tex/lualatex/lua-ul/lua-ul.sty
Package: lua-ul 2024-02-26 v0.2.1 Underlining and related functionality for Lua
TeX
Lua function luaul.restore_everyhbox = 29
Lua function luaul.new_underline_type = 30
Lua function luaul.set_underline_func = 31
Lua function luaul.reset_underline_func = 32
Module luatexbase Info: Uninstalling kernel luatexbase code on input line 36
Inserting `add underlines to list' in `pre_append_to_vlist_filter'.
Inserting `add underlines to list' in `hpack_filter'.
Inserting `add underlines to list' in `vpack_filter'.
Lua function sw@slant = 33
\l__luaul_top_dim=\dimen194
\l__luaul_bottom_dim=\dimen195
\l__luaul_height_dim=\dimen196
)
\cslhangindent=\skip80
\csllabelwidth=\skip81
(./undertilde.sty
Package: undertilde 
) (/usr/local/texlive/2025/texmf-dist/tex/latex/imakeidx/imakeidx.sty
Package: imakeidx 2016/10/15 v1.3e Package for typesetting indices in a synchro
nous mode
(/usr/local/texlive/2025/texmf-dist/tex/latex/xkeyval/xkeyval.sty
Package: xkeyval 2022/06/16 v2.9 package option processing (HA)
(/usr/local/texlive/2025/texmf-dist/tex/generic/xkeyval/xkeyval.tex (/usr/local
/texlive/2025/texmf-dist/tex/generic/xkeyval/xkvutils.tex
\XKV@toks=\toks29
\XKV@tempa@toks=\toks30
)
\XKV@depth=\count332
File: xkeyval.tex 2014/12/03 v2.7a key=value parser (HA)
)) (/usr/local/texlive/2025/texmf-dist/tex/generic/iftex/ifxetex.sty
Package: ifxetex 2019/10/25 v0.7 ifxetex legacy package. Use iftex instead.
) (/usr/local/texlive/2025/texmf-dist/tex/generic/iftex/ifluatex.sty
Package: ifluatex 2019/10/25 v1.5 ifluatex legacy package. Use iftex instead.
) (/usr/local/texlive/2025/texmf-dist/tex/latex/tools/multicol.sty
Package: multicol 2025/05/25 v2.0a multicolumn formatting (FMi)
\c@tracingmulticols=\count333
\mult@box=\box68
\multicol@leftmargin=\dimen197
\c@unbalance=\count334
\c@collectmore=\count335
\doublecol@number=\count336
\multicoltolerance=\count337
\multicolpretolerance=\count338
\full@width=\dimen198
\page@free=\dimen199
\premulticols=\dimen256
\postmulticols=\dimen257
\multicolsep=\skip82
\multicolbaselineskip=\skip83
\partial@page=\box69
\last@line=\box70
\mc@boxedresult=\box71
\maxbalancingoverflow=\dimen258
\mult@rightbox=\box72
\mult@grightbox=\box73
\mult@firstbox=\box74
\mult@gfirstbox=\box75
\@tempa=\box76
\@tempa=\box77
\@tempa=\box78
\@tempa=\box79
\@tempa=\box80
\@tempa=\box81
\@tempa=\box82
\@tempa=\box83
\@tempa=\box84
\@tempa=\box85
\@tempa=\box86
\@tempa=\box87
\@tempa=\box88
\@tempa=\box89
\@tempa=\box90
\@tempa=\box91
\@tempa=\box92
\@tempa=\box93
\@tempa=\box94
\@tempa=\box95
\@tempa=\box96
\@tempa=\box97
\@tempa=\box98
\@tempa=\box99
\@tempa=\box100
\@tempa=\box101
\@tempa=\box102
\@tempa=\box103
\@tempa=\box104
\@tempa=\box105
\@tempa=\box106
\@tempa=\box107
\@tempa=\box108
\@tempa=\box109
\@tempa=\box110
\@tempa=\box111
\c@minrows=\count339
\c@columnbadness=\count340
\c@finalcolumnbadness=\count341
\last@try=\dimen259
\multicolovershoot=\dimen260
\multicolundershoot=\dimen261
\mult@nat@firstbox=\box112
\colbreak@box=\box113
\mc@col@check@num=\count342
\g__mc_curr_col_int=\count343
)) (/usr/local/texlive/2025/texmf-dist/tex/latex/gensymb/gensymb.sty
Package: gensymb 2022/10/17 v1.0.2 (KJH)
) (/usr/local/texlive/2025/texmf-dist/tex/latex/adjustbox/adjustbox.sty
Package: adjustbox 2025/02/26 v1.3c Adjusting TeX boxes (trim, clip, ...)
(/usr/local/texlive/2025/texmf-dist/tex/latex/adjustbox/adjcalc.sty
Package: adjcalc 2012/05/16 v1.1 Provides advanced setlength with multiple back
-ends (calc, etex, pgfmath)
) (/usr/local/texlive/2025/texmf-dist/tex/latex/adjustbox/trimclip.sty
Package: trimclip 2025/02/21 v1.2a Trim and clip general TeX material
(/usr/local/texlive/2025/texmf-dist/tex/latex/collectbox/collectbox.sty
Package: collectbox 2022/10/17 v0.4c Collect macro arguments as boxes
\collectedbox=\box114
)
\tc@llx=\dimen262
\tc@lly=\dimen263
\tc@urx=\dimen264
\tc@ury=\dimen265
Package trimclip Info: Using driver 'tc-luatex.def'.
(/usr/local/texlive/2025/texmf-dist/tex/latex/adjustbox/tc-luatex.def
File: tc-luatex.def 2025/02/26 v1.1 Clipping driver for luatex
(/usr/local/texlive/2025/texmf-dist/tex/latex/adjustbox/tc-pdftex.def
File: tc-pdftex.def 2025/02/26 v2.3 Clipping driver for pdftex
)))
\adjbox@Width=\dimen266
\adjbox@Height=\dimen267
\adjbox@Depth=\dimen268
\adjbox@Totalheight=\dimen269
\adjbox@pwidth=\dimen270
\adjbox@pheight=\dimen271
\adjbox@pdepth=\dimen272
\adjbox@ptotalheight=\dimen273
(/usr/local/texlive/2025/texmf-dist/tex/latex/ifoddpage/ifoddpage.sty
Package: ifoddpage 2022/10/18 v1.2 Conditionals for odd/even page detection
\c@checkoddpage=\count344
) (/usr/local/texlive/2025/texmf-dist/tex/latex/varwidth/varwidth.sty
Package: varwidth 2009/03/30 ver 0.92;  Variable-width minipages
\@vwid@box=\box115
\sift@deathcycles=\count345
\@vwid@loff=\dimen274
\@vwid@roff=\dimen275
)
==> First Aid for varwidth.sty applied!
)
\index@idxfile=\write4

\openout4 = index.idx
Writing index file index.idx
(/usr/local/texlive/2025/texmf-dist/tex/latex/float/float.sty
Package: float 2001/11/08 v1.3d Float enhancements (AL)
\c@float@type=\count346
\float@exts=\toks31
\float@box=\box116
\@float@everytoks=\toks32
\@floatcapt=\box117
)
\@float@every@video=\toks33
\c@video=\count347
(/usr/local/texlive/2025/texmf-dist/tex/latex/tcolorbox/tcolorbox.sty
Package: tcolorbox 2025/05/20 version 6.5.0 text color boxes
(/usr/local/texlive/2025/texmf-dist/tex/latex/pgf/frontendlayer/tikz.sty (/usr/
local/texlive/2025/texmf-dist/tex/latex/pgf/basiclayer/pgf.sty (/usr/local/texl
ive/2025/texmf-dist/tex/latex/pgf/utilities/pgfrcs.sty
(/usr/local/texlive/2025/texmf-dist/tex/generic/pgf/utilities/pgfutil-common.te
x
\pgfutil@everybye=\toks34
\pgfutil@tempdima=\dimen276
\pgfutil@tempdimb=\dimen277
)
(/usr/local/texlive/2025/texmf-dist/tex/generic/pgf/utilities/pgfutil-latex.def
\pgfutil@abb=\box118
) (/usr/local/texlive/2025/texmf-dist/tex/generic/pgf/utilities/pgfrcs.code.tex
(/usr/local/texlive/2025/texmf-dist/tex/generic/pgf/pgf.revision.tex)
Package: pgfrcs 2023-01-15 v3.1.10 (3.1.10)
))
Package: pgf 2023-01-15 v3.1.10 (3.1.10)
(/usr/local/texlive/2025/texmf-dist/tex/latex/pgf/basiclayer/pgfcore.sty (/usr/
local/texlive/2025/texmf-dist/tex/latex/pgf/systemlayer/pgfsys.sty
(/usr/local/texlive/2025/texmf-dist/tex/generic/pgf/systemlayer/pgfsys.code.tex
Package: pgfsys 2023-01-15 v3.1.10 (3.1.10)
(/usr/local/texlive/2025/texmf-dist/tex/generic/pgf/utilities/pgfkeys.code.tex
\pgfkeys@pathtoks=\toks35
\pgfkeys@temptoks=\toks36

(/usr/local/texlive/2025/texmf-dist/tex/generic/pgf/utilities/pgfkeyslibraryfil
tered.code.tex
\pgfkeys@tmptoks=\toks37
))
\pgf@x=\dimen278
\pgf@y=\dimen279
\pgf@xa=\dimen280
\pgf@ya=\dimen281
\pgf@xb=\dimen282
\pgf@yb=\dimen283
\pgf@xc=\dimen284
\pgf@yc=\dimen285
\pgf@xd=\dimen286
\pgf@yd=\dimen287
\w@pgf@writea=\write5
\r@pgf@reada=\read3
\c@pgf@counta=\count348
\c@pgf@countb=\count349
\c@pgf@countc=\count350
\c@pgf@countd=\count351
\t@pgf@toka=\toks38
\t@pgf@tokb=\toks39
\t@pgf@tokc=\toks40
\pgf@sys@id@count=\count352
(/usr/local/texlive/2025/texmf-dist/tex/generic/pgf/systemlayer/pgf.cfg
File: pgf.cfg 2023-01-15 v3.1.10 (3.1.10)
)
Driver file for pgf: pgfsys-luatex.def

(/usr/local/texlive/2025/texmf-dist/tex/generic/pgf/systemlayer/pgfsys-luatex.d
ef
File: pgfsys-luatex.def 2023-01-15 v3.1.10 (3.1.10)

(/usr/local/texlive/2025/texmf-dist/tex/generic/pgf/systemlayer/pgfsys-common-p
df.def
File: pgfsys-common-pdf.def 2023-01-15 v3.1.10 (3.1.10)
)))
(/usr/local/texlive/2025/texmf-dist/tex/generic/pgf/systemlayer/pgfsyssoftpath.
code.tex
File: pgfsyssoftpath.code.tex 2023-01-15 v3.1.10 (3.1.10)
\pgfsyssoftpath@smallbuffer@items=\count353
\pgfsyssoftpath@bigbuffer@items=\count354
)
(/usr/local/texlive/2025/texmf-dist/tex/generic/pgf/systemlayer/pgfsysprotocol.
code.tex
File: pgfsysprotocol.code.tex 2023-01-15 v3.1.10 (3.1.10)
))
(/usr/local/texlive/2025/texmf-dist/tex/generic/pgf/basiclayer/pgfcore.code.tex
Package: pgfcore 2023-01-15 v3.1.10 (3.1.10)
(/usr/local/texlive/2025/texmf-dist/tex/generic/pgf/math/pgfmath.code.tex (/usr
/local/texlive/2025/texmf-dist/tex/generic/pgf/math/pgfmathutil.code.tex)
(/usr/local/texlive/2025/texmf-dist/tex/generic/pgf/math/pgfmathparser.code.tex
\pgfmath@dimen=\dimen288
\pgfmath@count=\count355
\pgfmath@box=\box119
\pgfmath@toks=\toks41
\pgfmath@stack@operand=\toks42
\pgfmath@stack@operation=\toks43
)
(/usr/local/texlive/2025/texmf-dist/tex/generic/pgf/math/pgfmathfunctions.code.
tex)
(/usr/local/texlive/2025/texmf-dist/tex/generic/pgf/math/pgfmathfunctions.basic
.code.tex)
(/usr/local/texlive/2025/texmf-dist/tex/generic/pgf/math/pgfmathfunctions.trigo
nometric.code.tex)
(/usr/local/texlive/2025/texmf-dist/tex/generic/pgf/math/pgfmathfunctions.rando
m.code.tex)
(/usr/local/texlive/2025/texmf-dist/tex/generic/pgf/math/pgfmathfunctions.compa
rison.code.tex)
(/usr/local/texlive/2025/texmf-dist/tex/generic/pgf/math/pgfmathfunctions.base.
code.tex)
(/usr/local/texlive/2025/texmf-dist/tex/generic/pgf/math/pgfmathfunctions.round
.code.tex)
(/usr/local/texlive/2025/texmf-dist/tex/generic/pgf/math/pgfmathfunctions.misc.
code.tex)
(/usr/local/texlive/2025/texmf-dist/tex/generic/pgf/math/pgfmathfunctions.integ
erarithmetics.code.tex) (/usr/local/texlive/2025/texmf-dist/tex/generic/pgf/mat
h/pgfmathcalc.code.tex) (/usr/local/texlive/2025/texmf-dist/tex/generic/pgf/mat
h/pgfmathfloat.code.tex
\c@pgfmathroundto@lastzeros=\count356
)) (/usr/local/texlive/2025/texmf-dist/tex/generic/pgf/math/pgfint.code.tex)
(/usr/local/texlive/2025/texmf-dist/tex/generic/pgf/basiclayer/pgfcorepoints.co
de.tex
File: pgfcorepoints.code.tex 2023-01-15 v3.1.10 (3.1.10)
\pgf@picminx=\dimen289
\pgf@picmaxx=\dimen290
\pgf@picminy=\dimen291
\pgf@picmaxy=\dimen292
\pgf@pathminx=\dimen293
\pgf@pathmaxx=\dimen294
\pgf@pathminy=\dimen295
\pgf@pathmaxy=\dimen296
\pgf@xx=\dimen297
\pgf@xy=\dimen298
\pgf@yx=\dimen299
\pgf@yy=\dimen300
\pgf@zx=\dimen301
\pgf@zy=\dimen302
)
(/usr/local/texlive/2025/texmf-dist/tex/generic/pgf/basiclayer/pgfcorepathconst
ruct.code.tex
File: pgfcorepathconstruct.code.tex 2023-01-15 v3.1.10 (3.1.10)
\pgf@path@lastx=\dimen303
\pgf@path@lasty=\dimen304
)
(/usr/local/texlive/2025/texmf-dist/tex/generic/pgf/basiclayer/pgfcorepathusage
.code.tex
File: pgfcorepathusage.code.tex 2023-01-15 v3.1.10 (3.1.10)
\pgf@shorten@end@additional=\dimen305
\pgf@shorten@start@additional=\dimen306
)
(/usr/local/texlive/2025/texmf-dist/tex/generic/pgf/basiclayer/pgfcorescopes.co
de.tex
File: pgfcorescopes.code.tex 2023-01-15 v3.1.10 (3.1.10)
\pgfpic=\box120
\pgf@hbox=\box121
\pgf@layerbox@main=\box122
\pgf@picture@serial@count=\count357
)
(/usr/local/texlive/2025/texmf-dist/tex/generic/pgf/basiclayer/pgfcoregraphicst
ate.code.tex
File: pgfcoregraphicstate.code.tex 2023-01-15 v3.1.10 (3.1.10)
\pgflinewidth=\dimen307
)
(/usr/local/texlive/2025/texmf-dist/tex/generic/pgf/basiclayer/pgfcoretransform
ations.code.tex
File: pgfcoretransformations.code.tex 2023-01-15 v3.1.10 (3.1.10)
\pgf@pt@x=\dimen308
\pgf@pt@y=\dimen309
\pgf@pt@temp=\dimen310
)
(/usr/local/texlive/2025/texmf-dist/tex/generic/pgf/basiclayer/pgfcorequick.cod
e.tex
File: pgfcorequick.code.tex 2023-01-15 v3.1.10 (3.1.10)
)
(/usr/local/texlive/2025/texmf-dist/tex/generic/pgf/basiclayer/pgfcoreobjects.c
ode.tex
File: pgfcoreobjects.code.tex 2023-01-15 v3.1.10 (3.1.10)
)
(/usr/local/texlive/2025/texmf-dist/tex/generic/pgf/basiclayer/pgfcorepathproce
ssing.code.tex
File: pgfcorepathprocessing.code.tex 2023-01-15 v3.1.10 (3.1.10)
)
(/usr/local/texlive/2025/texmf-dist/tex/generic/pgf/basiclayer/pgfcorearrows.co
de.tex
File: pgfcorearrows.code.tex 2023-01-15 v3.1.10 (3.1.10)
\pgfarrowsep=\dimen311
)
(/usr/local/texlive/2025/texmf-dist/tex/generic/pgf/basiclayer/pgfcoreshade.cod
e.tex
File: pgfcoreshade.code.tex 2023-01-15 v3.1.10 (3.1.10)
\pgf@max=\dimen312
\pgf@sys@shading@range@num=\count358
\pgf@shadingcount=\count359
)
(/usr/local/texlive/2025/texmf-dist/tex/generic/pgf/basiclayer/pgfcoreimage.cod
e.tex
File: pgfcoreimage.code.tex 2023-01-15 v3.1.10 (3.1.10)
)
(/usr/local/texlive/2025/texmf-dist/tex/generic/pgf/basiclayer/pgfcoreexternal.
code.tex
File: pgfcoreexternal.code.tex 2023-01-15 v3.1.10 (3.1.10)
\pgfexternal@startupbox=\box123
)
(/usr/local/texlive/2025/texmf-dist/tex/generic/pgf/basiclayer/pgfcorelayers.co
de.tex
File: pgfcorelayers.code.tex 2023-01-15 v3.1.10 (3.1.10)
)
(/usr/local/texlive/2025/texmf-dist/tex/generic/pgf/basiclayer/pgfcoretranspare
ncy.code.tex
File: pgfcoretransparency.code.tex 2023-01-15 v3.1.10 (3.1.10)
)
(/usr/local/texlive/2025/texmf-dist/tex/generic/pgf/basiclayer/pgfcorepatterns.
code.tex
File: pgfcorepatterns.code.tex 2023-01-15 v3.1.10 (3.1.10)
)
(/usr/local/texlive/2025/texmf-dist/tex/generic/pgf/basiclayer/pgfcorerdf.code.
tex
File: pgfcorerdf.code.tex 2023-01-15 v3.1.10 (3.1.10)
)))
(/usr/local/texlive/2025/texmf-dist/tex/generic/pgf/modules/pgfmoduleshapes.cod
e.tex
File: pgfmoduleshapes.code.tex 2023-01-15 v3.1.10 (3.1.10)
\pgfnodeparttextbox=\box124
)
(/usr/local/texlive/2025/texmf-dist/tex/generic/pgf/modules/pgfmoduleplot.code.
tex
File: pgfmoduleplot.code.tex 2023-01-15 v3.1.10 (3.1.10)
)
(/usr/local/texlive/2025/texmf-dist/tex/latex/pgf/compatibility/pgfcomp-version
-0-65.sty
Package: pgfcomp-version-0-65 2023-01-15 v3.1.10 (3.1.10)
\pgf@nodesepstart=\dimen313
\pgf@nodesepend=\dimen314
)
(/usr/local/texlive/2025/texmf-dist/tex/latex/pgf/compatibility/pgfcomp-version
-1-18.sty
Package: pgfcomp-version-1-18 2023-01-15 v3.1.10 (3.1.10)
)) (/usr/local/texlive/2025/texmf-dist/tex/latex/pgf/utilities/pgffor.sty (/usr
/local/texlive/2025/texmf-dist/tex/latex/pgf/utilities/pgfkeys.sty (/usr/local/
texlive/2025/texmf-dist/tex/generic/pgf/utilities/pgfkeys.code.tex)) (/usr/loca
l/texlive/2025/texmf-dist/tex/latex/pgf/math/pgfmath.sty (/usr/local/texlive/20
25/texmf-dist/tex/generic/pgf/math/pgfmath.code.tex)) (/usr/local/texlive/2025/
texmf-dist/tex/generic/pgf/utilities/pgffor.code.tex
Package: pgffor 2023-01-15 v3.1.10 (3.1.10)
\pgffor@iter=\dimen315
\pgffor@skip=\dimen316
\pgffor@stack=\toks44
\pgffor@toks=\toks45
))
(/usr/local/texlive/2025/texmf-dist/tex/generic/pgf/frontendlayer/tikz/tikz.cod
e.tex
Package: tikz 2023-01-15 v3.1.10 (3.1.10)

(/usr/local/texlive/2025/texmf-dist/tex/generic/pgf/libraries/pgflibraryplothan
dlers.code.tex
File: pgflibraryplothandlers.code.tex 2023-01-15 v3.1.10 (3.1.10)
\pgf@plot@mark@count=\count360
\pgfplotmarksize=\dimen317
)
\tikz@lastx=\dimen318
\tikz@lasty=\dimen319
\tikz@lastxsaved=\dimen320
\tikz@lastysaved=\dimen321
\tikz@lastmovetox=\dimen322
\tikz@lastmovetoy=\dimen323
\tikzleveldistance=\dimen324
\tikzsiblingdistance=\dimen325
\tikz@figbox=\box125
\tikz@figbox@bg=\box126
\tikz@tempbox=\box127
\tikz@tempbox@bg=\box128
\tikztreelevel=\count361
\tikznumberofchildren=\count362
\tikznumberofcurrentchild=\count363
\tikz@fig@count=\count364

(/usr/local/texlive/2025/texmf-dist/tex/generic/pgf/modules/pgfmodulematrix.cod
e.tex
File: pgfmodulematrix.code.tex 2023-01-15 v3.1.10 (3.1.10)
\pgfmatrixcurrentrow=\count365
\pgfmatrixcurrentcolumn=\count366
\pgf@matrix@numberofcolumns=\count367
)
\tikz@expandcount=\count368

(/usr/local/texlive/2025/texmf-dist/tex/generic/pgf/frontendlayer/tikz/librarie
s/tikzlibrarytopaths.code.tex
File: tikzlibrarytopaths.code.tex 2023-01-15 v3.1.10 (3.1.10)
))) (/usr/local/texlive/2025/texmf-dist/tex/latex/tools/verbatim.sty
Package: verbatim 2024-01-22 v1.5x LaTeX2e package for verbatim enhancements
\every@verbatim=\toks46
\verbatim@line=\toks47
\verbatim@in@stream=\read4
) (/usr/local/texlive/2025/texmf-dist/tex/latex/environ/environ.sty
Package: environ 2014/05/04 v0.3 A new way to define environments
(/usr/local/texlive/2025/texmf-dist/tex/latex/trimspaces/trimspaces.sty
Package: trimspaces 2009/09/17 v1.1 Trim spaces around a token list
))
\tcb@titlebox=\box129
\tcb@upperbox=\box130
\tcb@lowerbox=\box131
\tcb@phantombox=\box132
\c@tcbbreakpart=\count369
\c@tcblayer=\count370
\c@tcolorbox@number=\count371
\l__tcobox_tmpa_box=\box133
\l__tcobox_tmpa_dim=\dimen326
\tcb@temp=\box134
\tcb@temp=\box135
\tcb@temp=\box136
\tcb@temp=\box137
(/usr/local/texlive/2025/texmf-dist/tex/latex/tcolorbox/tcbskins.code.tex
Library (tcolorbox): 'tcbskins.code.tex' version '6.5.0'
(/usr/local/texlive/2025/texmf-dist/tex/latex/tikzfill/tikzfill.image.sty
Package: tikzfill.image 2023/08/08 v1.0.1 Image filling library for TikZ
(/usr/local/texlive/2025/texmf-dist/tex/latex/tikzfill/tikzfill-common.sty
Package: tikzfill-common 2023/08/08 v1.0.1 Auxiliary code for tikzfill
)
(/usr/local/texlive/2025/texmf-dist/tex/latex/tikzfill/tikzlibraryfill.image.co
de.tex
File: tikzlibraryfill.image.code.tex 2023/08/08 v1.0.1 Image filling library
\l__tikzfill_img_box=\box138
))
(/usr/local/texlive/2025/texmf-dist/tex/latex/tcolorbox/tcbskinsjigsaw.code.tex
Library (tcolorbox): 'tcbskinsjigsaw.code.tex' version '6.5.0'
)) (/usr/local/texlive/2025/texmf-dist/tex/latex/tcolorbox/tcbbreakable.code.te
x
Library (tcolorbox): 'tcbbreakable.code.tex' version '6.5.0'
(/usr/local/texlive/2025/texmf-dist/tex/latex/pdfcol/pdfcol.sty
Package: pdfcol 2022-09-21 v1.7 Handle new color stacks for pdfTeX (HO)
(/usr/local/texlive/2025/texmf-dist/tex/generic/ltxcmds/ltxcmds.sty
Package: ltxcmds 2023-12-04 v1.26 LaTeX kernel commands for general use (HO)
) (/usr/local/texlive/2025/texmf-dist/tex/generic/infwarerr/infwarerr.sty
Package: infwarerr 2019/12/03 v1.5 Providing info/warning/error messages (HO)
)
Package pdfcol Info: Interface disabled because of package `luacolor'.
)
Package pdfcol Info: pdfTeX's color stacks are not available.
\tcb@testbox=\box139
\tcb@totalupperbox=\box140
\tcb@totallowerbox=\box141
)) (/usr/local/texlive/2025/texmf-dist/tex/latex/fontawesome5/fontawesome5.sty
Package: fontawesome5 2022/05/02 v5.15.4 Font Awesome 5

(/usr/local/texlive/2025/texmf-dist/tex/latex/fontawesome5/fontawesome5-utex-he
lper.sty
Package: fontawesome5-utex-helper 2022/05/02 v5.15.4 uTeX helper for fontawesom
e5
(/usr/local/texlive/2025/texmf-dist/tex/luatex/luatexbase/luatexbase.sty
Package: luatexbase 2015/10/04 v1.3 luatexbase interface to LuaTeX 
(/usr/local/texlive/2025/texmf-dist/tex/luatex/ctablestack/ctablestack.sty
Package: ctablestack 2015/10/01 v1.0 Catcode table stable support
\@catcodetablestackcnt=\count372
)
\CatcodeTableOther=\catcodetable14
\CatcodeTableExpl=\catcodetable15
)
LaTeX Font Info:    Trying to load font information for TU+fontawesomefree on i
nput line 69.

(/usr/local/texlive/2025/texmf-dist/tex/latex/fontawesome5/tufontawesomefree.fd
)
LaTeX Font Info:    Trying to load font information for TU+fontawesomebrands on
 input line 70.

(/usr/local/texlive/2025/texmf-dist/tex/latex/fontawesome5/tufontawesomebrands.
fd))) (/usr/local/texlive/2025/texmf-dist/tex/latex/bookmark/bookmark.sty
Package: bookmark 2023-12-10 v1.31 PDF bookmarks (HO)
(/usr/local/texlive/2025/texmf-dist/tex/latex/hyperref/hyperref.sty
Package: hyperref 2025-05-20 v7.01m Hypertext links for LaTeX
(/usr/local/texlive/2025/texmf-dist/tex/latex/kvsetkeys/kvsetkeys.sty
Package: kvsetkeys 2022-10-05 v1.19 Key value parser (HO)
) (/usr/local/texlive/2025/texmf-dist/tex/generic/kvdefinekeys/kvdefinekeys.sty
Package: kvdefinekeys 2019-12-19 v1.6 Define keys (HO)
) (/usr/local/texlive/2025/texmf-dist/tex/generic/pdfescape/pdfescape.sty
Package: pdfescape 2019/12/09 v1.15 Implements pdfTeX's escape features (HO)
(/usr/local/texlive/2025/texmf-dist/tex/generic/pdftexcmds/pdftexcmds.sty
Package: pdftexcmds 2020-06-27 v0.33 Utility functions of pdfTeX for LuaTeX (HO
)
Package pdftexcmds Info: \pdf@primitive is available.
Package pdftexcmds Info: \pdf@ifprimitive is available.
Package pdftexcmds Info: \pdfdraftmode found.
\pdftexcmds@toks=\toks48
)) (/usr/local/texlive/2025/texmf-dist/tex/latex/hycolor/hycolor.sty
Package: hycolor 2020-01-27 v1.10 Color options for hyperref/bookmark (HO)
) (/usr/local/texlive/2025/texmf-dist/tex/latex/hyperref/nameref.sty
Package: nameref 2023-11-26 v2.56 Cross-referencing by name of section
(/usr/local/texlive/2025/texmf-dist/tex/latex/refcount/refcount.sty
Package: refcount 2019/12/15 v3.6 Data extraction from label references (HO)
)
(/usr/local/texlive/2025/texmf-dist/tex/generic/gettitlestring/gettitlestring.s
ty
Package: gettitlestring 2019/12/15 v1.6 Cleanup title references (HO)
(/usr/local/texlive/2025/texmf-dist/tex/latex/kvoptions/kvoptions.sty
Package: kvoptions 2022-06-15 v3.15 Key value format for package options (HO)
))
\c@section@level=\count373
) (/usr/local/texlive/2025/texmf-dist/tex/generic/stringenc/stringenc.sty
Package: stringenc 2019/11/29 v1.12 Convert strings between diff. encodings (HO
)
)
\@linkdim=\dimen327
\Hy@linkcounter=\count374
\Hy@pagecounter=\count375
(/usr/local/texlive/2025/texmf-dist/tex/latex/hyperref/pd1enc.def
File: pd1enc.def 2025-05-20 v7.01m Hyperref: PDFDocEncoding definition (HO)
) (/usr/local/texlive/2025/texmf-dist/tex/generic/intcalc/intcalc.sty
Package: intcalc 2019/12/15 v1.3 Expandable calculations with integers (HO)
)
\Hy@SavedSpaceFactor=\count376
(/usr/local/texlive/2025/texmf-dist/tex/latex/hyperref/puenc.def
File: puenc.def 2025-05-20 v7.01m Hyperref: PDF Unicode definition (HO)
)
Package hyperref Info: Option `unicode' set `true' on input line 4040.
Package hyperref Info: Option `pdfwindowui' set `true' on input line 4040.
Package hyperref Info: Hyper figures OFF on input line 4157.
Package hyperref Info: Link nesting OFF on input line 4162.
Package hyperref Info: Hyper index ON on input line 4165.
Package hyperref Info: Plain pages OFF on input line 4172.
Package hyperref Info: Backreferencing OFF on input line 4177.
Package hyperref Info: Implicit mode ON; LaTeX internals redefined.
Package hyperref Info: Bookmarks ON on input line 4424.
\c@Hy@tempcnt=\count377
(/usr/local/texlive/2025/texmf-dist/tex/latex/url/url.sty
\Urlmuskip=\muskip19
Package: url 2013/09/16  ver 3.4  Verb mode for urls, etc.
)
LaTeX Info: Redefining \url on input line 4763.
\XeTeXLinkMargin=\dimen328
(/usr/local/texlive/2025/texmf-dist/tex/generic/bitset/bitset.sty
Package: bitset 2019/12/09 v1.3 Handle bit-vector datatype (HO)
(/usr/local/texlive/2025/texmf-dist/tex/generic/bigintcalc/bigintcalc.sty
Package: bigintcalc 2019/12/15 v1.5 Expandable calculations on big integers (HO
)
))
\Fld@menulength=\count378
\Field@Width=\dimen329
\Fld@charsize=\dimen330
Package hyperref Info: Hyper figures OFF on input line 6042.
Package hyperref Info: Link nesting OFF on input line 6047.
Package hyperref Info: Hyper index ON on input line 6050.
Package hyperref Info: backreferencing OFF on input line 6057.
Package hyperref Info: Link coloring OFF on input line 6062.
Package hyperref Info: Link coloring with OCG OFF on input line 6067.
Package hyperref Info: PDF/A mode OFF on input line 6072.
(/usr/local/texlive/2025/texmf-dist/tex/latex/base/atbegshi-ltx.sty
Package: atbegshi-ltx 2021/01/10 v1.0c Emulation of the original atbegshi
package with kernel methods
)
\Hy@abspage=\count379
\c@Item=\count380
\c@Hfootnote=\count381
)
Package hyperref Info: Driver (autodetected): hluatex.
(/usr/local/texlive/2025/texmf-dist/tex/latex/hyperref/hluatex.def
File: hluatex.def 2025-05-20 v7.01m Hyperref driver for luaTeX
(/usr/local/texlive/2025/texmf-dist/tex/latex/base/atveryend-ltx.sty
Package: atveryend-ltx 2020/08/19 v1.0a Emulation of the original atveryend pac
kage
with kernel methods
)
\Fld@listcount=\count382
\c@bookmark@seq@number=\count383

(/usr/local/texlive/2025/texmf-dist/tex/latex/rerunfilecheck/rerunfilecheck.sty
Package: rerunfilecheck 2022-07-10 v1.10 Rerun checks for auxiliary files (HO)

(/usr/local/texlive/2025/texmf-dist/tex/generic/uniquecounter/uniquecounter.sty
Package: uniquecounter 2019/12/15 v1.4 Provide unlimited unique counter (HO)
)
Package uniquecounter Info: New unique counter `rerunfilecheck' on input line 2
85.
)
\Hy@SectionHShift=\skip84
) (/usr/local/texlive/2025/texmf-dist/tex/latex/bookmark/bkm-pdftex.def
File: bkm-pdftex.def 2023-12-10 v1.31 bookmark driver for pdfTeX and luaTeX (HO
)
\BKM@id=\count384
)) (/usr/local/texlive/2025/texmf-dist/tex/latex/caption/caption.sty
Package: caption 2023/08/05 v3.6o Customizing captions (AR)
(/usr/local/texlive/2025/texmf-dist/tex/latex/caption/caption3.sty
Package: caption3 2023/07/31 v2.4d caption3 kernel (AR)
\caption@tempdima=\dimen331
\captionmargin=\dimen332
\caption@leftmargin=\dimen333
\caption@rightmargin=\dimen334
\caption@width=\dimen335
\caption@indent=\dimen336
\caption@parindent=\dimen337
\caption@hangindent=\dimen338
Package caption Info: KOMA-Script document class detected.
(/usr/local/texlive/2025/texmf-dist/tex/latex/caption/caption-koma.sto
File: caption-koma.sto 2023/09/08 v2.0e Adaption of the caption package to the 
KOMA-Script document classes (AR)
))
\c@caption@flags=\count385
\c@continuedfloat=\count386
Package caption Info: float package is loaded.
Package caption Info: hyperref package is loaded.
Package caption Info: longtable package is loaded.
(/usr/local/texlive/2025/texmf-dist/tex/latex/caption/ltcaption.sty
Package: ltcaption 2021/01/08 v1.4c longtable captions (AR)
)
Package caption Info: KOMA-Script scrextend package detected.
\caption@addmargin@hsize=\dimen339
\caption@addmargin@linewidth=\dimen340
)
\@float@every@codelisting=\toks49
\c@codelisting=\count387
(/usr/local/texlive/2025/texmf-dist/tex/latex/amscls/amsthm.sty
Package: amsthm 2020/05/29 v2.20.6
\thm@style=\toks50
\thm@bodyfont=\toks51
\thm@headfont=\toks52
\thm@notefont=\toks53
\thm@headpunct=\toks54
\thm@preskip=\skip85
\thm@postskip=\skip86
\thm@headsep=\skip87
\dth@everypar=\toks55
) (/usr/local/texlive/2025/texmf-dist/tex/latex/xpatch/xpatch.sty
Package: xpatch 2020/03/25 v0.3a Extending etoolbox patching commands
)
Class scrreprt Info: amsthm's \deferred@thm@head patched.
\c@theorem=\count388
\c@algorithm=\count389
\c@exercise=\count390
\c@definition=\count391
\c@example=\count392
\c@refremark=\count393
\c@refsolution=\count394
(/usr/local/texlive/2025/texmf-dist/tex/latex/caption/subcaption.sty
Package: subcaption 2023/07/28 v1.6b Sub-captions (AR)
Package caption Info: New subtype `subfigure' on input line 238.
\c@subfigure=\count395
Package caption Info: New subtype `subtable' on input line 238.
\c@subtable=\count396
) (/usr/local/texlive/2025/texmf-dist/tex/latex/sidenotes/sidenotes.sty
Package: sidenotes 2024/09/12 v1.20 Rich text in the margin for LaTeX
(/usr/local/texlive/2025/texmf-dist/tex/latex/marginnote/marginnote.sty
Package: marginnote 2018/08/09 1.4b non floating margin notes for LaTeX
\c@mn@abspage=\count397
) (/usr/local/texlive/2025/texmf-dist/tex/latex/changepage/changepage.sty
Package: changepage 2009/10/20 v1.0c check page and change page layout
\c@cp@cntr=\count398
\cp@tempcnt=\count399
LaTeX Info: Redefining \checkoddpage on input line 59.
)
\c@sidenote=\count400
\@sidenotes@marginfigurebox=\box142
\@sidenotes@margintablebox=\box143
) (/usr/local/texlive/2025/texmf-dist/tex/latex/algorithms/algorithm.sty
Package: algorithm 2009/08/24 v0.1 Document Style `algorithm' - floating enviro
nment
(/usr/local/texlive/2025/texmf-dist/tex/latex/base/ifthen.sty
Package: ifthen 2024/03/16 v1.1e Standard LaTeX ifthen package (DPC)
)
\@float@every@algorithm=\toks56
) (/usr/local/texlive/2025/texmf-dist/tex/latex/algorithmicx/algpseudocode.sty
Package: algpseudocode 
(/usr/local/texlive/2025/texmf-dist/tex/latex/algorithmicx/algorithmicx.sty
Package: algorithmicx 2005/04/27 v1.2 Algorithmicx
Document Style algorithmicx 1.2 - a greatly improved `algorithmic' style
\c@ALG@line=\count401
\c@ALG@rem=\count402
\c@ALG@nested=\count403
\ALG@tlm=\skip88
\ALG@thistlm=\skip89
\c@ALG@Lnr=\count404
\c@ALG@blocknr=\count405
\c@ALG@storecount=\count406
\c@ALG@tmpcounter=\count407
\ALG@tmplength=\skip90
)
Document Style - pseudocode environments for use with the `algorithmicx' style
)
\c@quartocallouttipno=\count408
\c@quartocalloutimpno=\count409
(/usr/local/texlive/2025/texmf-dist/tex/latex/xurl/xurl.sty
Package: xurl 2022/01/09 v 0.10 modify URL breaks
)
Package hyperref Info: Option `colorlinks' set `true' on input line 342.
No file index.aux.

\openout1 = index.aux
LaTeX Font Info:    Checking defaults for OML/cmm/m/it on input line 348.
LaTeX Font Info:    ... okay on input line 348.
LaTeX Font Info:    Checking defaults for OMS/cmsy/m/n on input line 348.
LaTeX Font Info:    ... okay on input line 348.
LaTeX Font Info:    Checking defaults for OT1/cmr/m/n on input line 348.
LaTeX Font Info:    ... okay on input line 348.
LaTeX Font Info:    Checking defaults for T1/cmr/m/n on input line 348.
LaTeX Font Info:    ... okay on input line 348.
LaTeX Font Info:    Checking defaults for TS1/cmr/m/n on input line 348.
LaTeX Font Info:    ... okay on input line 348.
LaTeX Font Info:    Checking defaults for TU/lmr/m/n on input line 348.
LaTeX Font Info:    ... okay on input line 348.
LaTeX Font Info:    Checking defaults for OMX/cmex/m/n on input line 348.
LaTeX Font Info:    ... okay on input line 348.
LaTeX Font Info:    Checking defaults for U/cmr/m/n on input line 348.
LaTeX Font Info:    ... okay on input line 348.
LaTeX Font Info:    Checking defaults for PD1/pdf/m/n on input line 348.
LaTeX Font Info:    ... okay on input line 348.
LaTeX Font Info:    Checking defaults for PU/pdf/m/n on input line 348.
LaTeX Font Info:    ... okay on input line 348.
Package scrbase Info: activating english \abstractname on input line 348.
Package scrbase Info: activating english \partname on input line 348.
Package scrbase Info: activating english \chaptername on input line 348.
Package scrbase Info: activating english \appendixname on input line 348.
Package scrbase Info: activating english \figurename on input line 348.
Package scrbase Info: activating english \tablename on input line 348.
Package scrbase Info: activating english \contentsname on input line 348.
Package scrbase Info: activating english \listfigurename on input line 348.
Package scrbase Info: activating english \listtablename on input line 348.
Package scrbase Info: activating english \bibname on input line 348.
Package scrbase Info: activating english \indexname on input line 348.
(/usr/local/texlive/2025/texmf-dist/tex/context/base/mkii/supp-pdf.mkii
[Loading MPS to PDF converter (version 2006.09.02).]
\scratchcounter=\count410
\scratchdimen=\dimen341
\scratchbox=\box144
\nofMPsegments=\count411
\nofMParguments=\count412
\everyMPshowfont=\toks57
\MPscratchCnt=\count413
\MPscratchDim=\dimen342
\MPnumerator=\count414
\makeMPintoPDFobject=\count415
\everyMPtoPDFconversion=\toks58
) (/usr/local/texlive/2025/texmf-dist/tex/latex/epstopdf-pkg/epstopdf-base.sty
Package: epstopdf-base 2020-01-24 v2.11 Base part for package epstopdf
Package epstopdf-base Info: Redefining graphics rule for `.eps' on input line 4
85.
(/usr/local/texlive/2025/texmf-dist/tex/latex/latexconfig/epstopdf-sys.cfg
File: epstopdf-sys.cfg 2010/07/13 v1.3 Configuration of (r)epstopdf for TeX Liv
e
))
*geometry* driver: auto-detecting
*geometry* detected driver: luatex
*geometry* verbose mode - [ preamble ] result:
* driver: luatex
* paper: a4paper
* layout: <same size as paper>
* layoutoffset:(h,v)=(0.0pt,0.0pt)
* modes: heightrounded 
* h-part:(L,W,R)=(56.9055pt, 341.43309pt, 199.16928pt)
* v-part:(T,H,B)=(56.9055pt, 731.23584pt, 56.9055pt)
* \paperwidth=597.50787pt
* \paperheight=845.04684pt
* \textwidth=341.43309pt
* \textheight=731.80032pt
* \oddsidemargin=-15.36449pt
* \evensidemargin=-15.36449pt
* \topmargin=-52.7645pt
* \headheight=17.0pt
* \headsep=20.40001pt
* \topskip=11.0pt
* \footskip=47.6pt
* \marginparwidth=184.9429pt
* \marginparsep=14.22636pt
* \columnsep=10.0pt
* \skip\footins=10.0pt plus 4.0pt minus 2.0pt
* \hoffset=0.0pt
* \voffset=0.0pt
* \mag=1000
* \@twocolumnfalse
* \@twosidefalse
* \@mparswitchfalse
* \@reversemarginfalse
* (1in=72.27pt=25.4mm, 1cm=28.453pt)

Package microtype Info: Patching varwidth to enable character protrusion.
\MT@vwid@leftmargin=\dimen343
\MT@vwid@rightmargin=\dimen344
LaTeX Info: Redefining \microtypecontext on input line 348.
Package microtype Info: Applying patch `item' on input line 348.
Package microtype Info: Applying patch `toc' on input line 348.
Package microtype Info: Applying patch `eqnum' on input line 348.
Package microtype Info: Applying patch `footnote' on input line 348.
Package microtype Info: Applying patch `verbatim' on input line 348.
LaTeX Info: Redefining \microtypesetup on input line 348.
Package microtype Info: Generating PDF output.
Package microtype Info: Character protrusion enabled (level 2).
Package microtype Info: Using protrusion set `basicmath'.
Package microtype Info: Automatic font expansion enabled (level 2),
(microtype)             stretch: 20, shrink: 20, step: 1, non-selected.
Package microtype Info: Using default expansion set `alltext-nott'.

LaTeX Warning: Command \showhyphens   has changed.
               Check if current package is valid.

LaTeX Info: Redefining \showhyphens on input line 348.
Package microtype Info: No adjustment of tracking.
Package microtype Info: No adjustment of spacing.
Package microtype Info: No adjustment of kerning.
Package microtype Info: Loading generic protrusion settings for font family
(microtype)             `LibertinusSerif' (encoding: TU).
(microtype)             For optimal results, create family-specific settings.
(microtype)             See the microtype manual for details.
\symgns@font=\mathgroup6
LaTeX Font Info:    Overwriting symbol font `gns@font' in version `bold'
(Font)                  TS1/LibertinusSerif(0)/m/n --> TS1/LibertinusSerif(0)/b
/n on input line 348.
Package gensymb Info: Math companion symbols declared on input line 348.
LaTeX Info: Redefining \degree on input line 348.
LaTeX Info: Redefining \celsius on input line 348.
Package gensymb Info: Using text companion symbols for \degree, \celsius and \p
erthousand on input line 348.
LaTeX Info: Redefining \ohm on input line 348.
Package gensymb Info: Using \textohm for \ohm on input line 348.
Package gensymb Info: Using \textmu for \micro on input line 348.
Package hyperref Info: Link coloring ON on input line 348.
Package caption Info: Begin \AtBeginDocument code.
Package caption Info: changepage package is loaded.
\caption@adjustwidth@hsize=\dimen345
\caption@adjustwidth@linewidth=\dimen346
Package caption Info: End \AtBeginDocument code.
\@sidenotes@extrawidth=\skip91
LaTeX Font Info:    Font shape `TU/LibertinusSans(0)/m/n' will be
(Font)              scaled to size 10.21198pt on input line 350.
Package microtype Info: Loading generic protrusion settings for font family
(microtype)             `LibertinusSans' (encoding: TU).
(microtype)             For optimal results, create family-specific settings.
(microtype)             See the microtype manual for details.
LaTeX Font Info:    Font shape `TU/LibertinusSans(0)/b/n' will be
(Font)              scaled to size 10.95pt on input line 350.
LaTeX Font Info:    Font shape `TU/LibertinusSans(0)/b/n' will be
(Font)              scaled to size 20.74pt on input line 350.
LaTeX Font Info:    Font shape `TU/LibertinusSerif(0)/m/n' will be
(Font)              scaled to size 14.4pt on input line 350.
LaTeX Font Info:    Font shape `TU/LibertinusMath(1)/m/n' will be
(Font)              scaled to size 14.4pt on input line 350.
LaTeX Font Info:    Font shape `TU/LibertinusMath(1)/m/n' will be
(Font)              scaled to size 10.0pt on input line 350.
LaTeX Font Info:    Font shape `TU/LibertinusMath(1)/m/n' will be
(Font)              scaled to size 7.0pt on input line 350.
LaTeX Font Info:    Font shape `TU/LibertinusMath(2)/m/n' will be
(Font)              scaled to size 14.4pt on input line 350.
LaTeX Font Info:    Font shape `TU/LibertinusMath(2)/m/n' will be
(Font)              scaled to size 10.0pt on input line 350.
LaTeX Font Info:    Font shape `TU/LibertinusMath(2)/m/n' will be
(Font)              scaled to size 7.0pt on input line 350.
LaTeX Font Info:    Font shape `TU/LibertinusMath(3)/m/n' will be
(Font)              scaled to size 14.4pt on input line 350.
LaTeX Font Info:    Font shape `TU/LibertinusMath(3)/m/n' will be
(Font)              scaled to size 10.0pt on input line 350.
LaTeX Font Info:    Font shape `TU/LibertinusMath(3)/m/n' will be
(Font)              scaled to size 7.0pt on input line 350.
(/usr/local/texlive/2025/texmf-dist/tex/latex/microtype/mt-msa.cfg
File: mt-msa.cfg 2006/02/04 v1.1 microtype config. file: AMS symbols (a) (RS)
) (/usr/local/texlive/2025/texmf-dist/tex/latex/microtype/mt-msb.cfg
File: mt-msb.cfg 2005/06/01 v1.0 microtype config. file: AMS symbols (b) (RS)
)
LaTeX Font Info:    Trying to load font information for TS1+LibertinusSerif(0) 
on input line 350.
LaTeX Font Info:    No file TS1LibertinusSerif(0).fd. on input line 350.

LaTeX Font Warning: Font shape `TS1/LibertinusSerif(0)/m/n' undefined
(Font)              using `TS1/cmr/m/n' instead on input line 350.

(/usr/local/texlive/2025/texmf-dist/tex/latex/microtype/mt-cmr.cfg
File: mt-cmr.cfg 2013/05/19 v2.2 microtype config. file: Computer Modern Roman 
(RS)
)

[1



{/usr/local/texlive/2025/texmf-var/fonts/map/pdftex/updmap/pdftex.map}]
Package tocbasic Info: character protrusion at toc deactivated on input line 35
8.
No file index.toc.
\tf@toc=\write6

\openout6 = index.toc


[2

]
Package tocbasic Info: character protrusion at lof deactivated on input line 36
0.
No file index.lof.
\tf@lof=\write7

\openout7 = index.lof


[3

]
Package tocbasic Info: character protrusion at lot deactivated on input line 36
1.
No file index.lot.
\tf@lot=\write8

\openout8 = index.lot


[4

]
LaTeX Font Info:    Font shape `TU/LibertinusMono(0)/m/n' will be
(Font)              scaled to size 9.49pt on input line 385.


[5

]
LaTeX Font Info:    Font shape `TU/LibertinusSerif(0)/m/it' will be
(Font)              scaled to size 10.95pt on input line 479.
LaTeX Font Info:    Font shape `TU/LibertinusSerif(0)/b/n' will be
(Font)              scaled to size 10.95pt on input line 502.


[6]
LaTeX Font Info:    Font shape `TU/LibertinusSans(0)/b/n' will be
(Font)              scaled to size 14.4pt on input line 512.


[7]
part I.
Package scrkbase Info: You've told me to use the font selection of the element
(scrkbase)             `partprefix' that is an alias of element `partnumber'
(scrkbase)              on input line 539.
LaTeX Font Info:    Font shape `TU/LibertinusSans(0)/b/n' will be
(Font)              scaled to size 24.88pt on input line 539.


[8

]
Underfull \hbox (badness 10000) in paragraph at lines 543--544

 []



[9]

[10]
chapter 1.

Underfull \hbox (badness 10000) in paragraph at lines 660--661

 []

<handouts/c1l01-rules-of-probability.pdf, id=85, 614.295pt x 794.97pt>
File: handouts/c1l01-rules-of-probability.pdf Graphic file (type pdf)
<use handouts/c1l01-rules-of-probability.pdf>
Package luatex.def Info: handouts/c1l01-rules-of-probability.pdf  used on input
 line 669.
(luatex.def)             Requested size: 184.94604pt x 602.2669pt.
LaTeX Font Info:    Font shape `TU/LibertinusSerif(0)/m/n' will be
(Font)              scaled to size 9.0pt on input line 673.

LaTeX Warning: Marginpar on page 11 moved.


LaTeX Warning: Reference `fig-rules-of-probability' on page 11 undefined on inp
ut line 677.

Package marginnote Info: right page because not two side mode on input line 687
.
Package marginnote Info: xpos seems to be \@mn@currxpos  on input line 687.
LaTeX Font Info:    Font shape `TU/LibertinusSerif(0)/b/n' will be
(Font)              scaled to size 9.0pt on input line 687.
LaTeX Font Info:    Font shape `TU/LibertinusMath(1)/m/n' will be
(Font)              scaled to size 9.0pt on input line 687.
LaTeX Font Info:    Font shape `TU/LibertinusMath(1)/m/n' will be
(Font)              scaled to size 6.0pt on input line 687.
LaTeX Font Info:    Font shape `TU/LibertinusMath(1)/m/n' will be
(Font)              scaled to size 5.0pt on input line 687.
LaTeX Font Info:    Font shape `TU/LibertinusMath(2)/m/n' will be
(Font)              scaled to size 9.0pt on input line 687.
LaTeX Font Info:    Font shape `TU/LibertinusMath(2)/m/n' will be
(Font)              scaled to size 6.0pt on input line 687.
LaTeX Font Info:    Font shape `TU/LibertinusMath(2)/m/n' will be
(Font)              scaled to size 5.0pt on input line 687.
LaTeX Font Info:    Font shape `TU/LibertinusMath(3)/m/n' will be
(Font)              scaled to size 9.0pt on input line 687.
LaTeX Font Info:    Font shape `TU/LibertinusMath(3)/m/n' will be
(Font)              scaled to size 6.0pt on input line 687.
LaTeX Font Info:    Font shape `TU/LibertinusMath(3)/m/n' will be
(Font)              scaled to size 5.0pt on input line 687.
LaTeX Font Info:    Font shape `TU/LibertinusSerif(0)/m/n' will be
(Font)              scaled to size 8.76pt on input line 690.
LaTeX Font Info:    Font shape `TU/LibertinusSerif(0)/m/n' will be
(Font)              scaled to size 6.57pt on input line 690.
Package marginnote Info: right page because not two side mode on input line 703
.
Package marginnote Info: xpos seems to be \@mn@currxpos  on input line 703.
Package marginnote Info: right page because not two side mode on input line 710
.
Package marginnote Info: xpos seems to be \@mn@currxpos  on input line 710.


[11

<./handouts/c1l01-rules-of-probability.pdf>]

LaTeX Warning: Reference `def-sample-space' on page 12 undefined on input line 
796.


LaTeX Warning: Reference `def-sigma-algebra' on page 12 undefined on input line
 798.


LaTeX Warning: Reference `def-sample-space' on page 12 undefined on input line 
823.


LaTeX Warning: Reference `def-sigma-algebra' on page 12 undefined on input line
 825.


LaTeX Warning: Reference `def-probability-measure' on page 12 undefined on inpu
t line 826.

<images/Probability-measure.svg.png, id=151, 1927.2pt x 979.66pt>
File: images/Probability-measure.svg.png Graphic file (type png)
<use images/Probability-measure.svg.png>
Package luatex.def Info: images/Probability-measure.svg.png  used on input line
 836.
(luatex.def)             Requested size: 184.93852pt x 94.0104pt.
(/usr/local/texlive/2025/texmf-dist/tex/latex/microtype/mt-TU-empty.cfg
File: mt-TU-empty.cfg 2021/06/22 v1.1 microtype config. file: fonts with nonsta
ndard glyph set (RS)
)

[12<./images/Probability-measure.svg.png>]

LaTeX Warning: Reference `eq-axiom-p2' on page 13 undefined on input line 878.

LaTeX Font Info:    Font shape `TU/LibertinusSans(0)/b/n' will be
(Font)              scaled to size 12.0pt on input line 918.

! LaTeX Error: Unknown graphics extension: .webp.

See the LaTeX manual or LaTeX Companion for explanation.
Type  H <return>  for immediate help.
 ...                                              
                                                  
l.924 ...ight,keepaspectratio]{images/c1/Never.webp}
                                                  

Here is how much of LuaTeX's memory you used:
 45632 strings out of 470209
 100000,1977958 words of node,token memory allocated
 16695 words of node memory still in use:
   242 hlist, 14 vlist, 16 rule, 55 disc, 31 local_par, 3 dir, 70 math, 387 glue
, 144 kern, 120 penalty, 8 margin_kern, 839 glyph, 816 attribute, 84 glue_spec, 
409 attribute_list, 3 temp, 3 if_stack, 19 write, 26 pdf_dest, 2 pdf_setmatrix, 
2 pdf_save, 2 pdf_restore nodes
   avail lists: 1:2,2:843,3:462,4:49,5:370,6:38,7:6355,8:55,9:314,10:14,11:542,1
2:1
 72882 multiletter control sequences out of 65536+600000
 149 fonts using 51403267 bytes
 108i,11n,117p,10918b,1126s stack positions out of 10000i,1000n,20000p,200000b,200000s
!  ==> Fatal error occurred, no output PDF file produced!
